"750","0","0","0","1128.2790735223311","1128.2790735223311","1128.2790735223311"
"838","1","1","1","204.78194184390068","204.78194184390068","204.78194184390068"
"914","2","2","2","180.36448089304045","180.36448089304045","180.36448089304045"
"974","3","3","3","152.59461890622748","152.59461890622748","152.59461890622748"
"1033","4","4","4","144.84358514980903","144.84358514980903","144.84358514980903"
"1088","5","5","5","141.30985704703815","141.30985704703815","141.30985704703815"
"1143","6","6","6","138.6242746076679","138.6242746076679","138.6242746076679"
"1205","7","7","7","154.92030802618638","154.92030802618638","154.92030802618638"
"1270","8","8","8","165.66628809450742","165.66628809450742","165.66628809450742"
"1595","9","9","9","752.4750861575762","752.4750861575762","752.4750861575762"
"2071","10","10","10","1430.4699451345352","1430.4699451345352","1430.4699451345352"
"2319","11","11","11","769.9873533890412","769.9873533890412","769.9873533890412"
"2600","12","12","12","794.6782701759881","794.6782701759881","794.6782701759881"
"2678","13","13","13","242.20787369939183","242.20787369939183","242.20787369939183"
"2766","14","14","14","227.53018915760717","227.53018915760717","227.53018915760717"
"2834","15","15","15","171.50261887652215","171.50261887652215","171.50261887652215"
"2914","16","16","16","192.4153723430857","192.4153723430857","192.4153723430857"
"2986","17","17","17","170.93615073929797","170.93615073929797","170.93615073929797"
"3070","18","18","18","219.9013316956757","219.9013316956757","219.9013316956757"
"3272","19","19","19","370.8263161597559","370.8263161597559","370.8263161597559"
"3328","20","20","20","124.61956948337246","124.61956948337246","124.61956948337246"
"3389","21","21","21","171.74787387549418","171.74787387549418","171.74787387549418"
"3444","22","22","22","125.09133737109492","125.09133737109492","125.09133737109492"
"3498","23","23","23","146.98574403087224","146.98574403087224","146.98574403087224"
"3555","24","24","24","133.1326669241016","133.1326669241016","133.1326669241016"
"3616","25","25","25","167.53498299412135","167.53498299412135","167.53498299412135"
"3676","26","26","26","137.02160948396067","137.02160948396067","137.02160948396067"
"3740","27","27","27","172.016409695144","172.016409695144","172.016409695144"
"3797","28","28","28","135.45677439878068","135.45677439878068","135.45677439878068"
"3895","29","29","29","213.45366789164189","213.45366789164189","213.45366789164189"
"3964","30","30","30","167.47385631128873","167.47385631128873","167.47385631128873"
"4023","31","31","31","153.18417749154548","153.18417749154548","153.18417749154548"
"4075","32","32","32","127.18012018286768","127.18012018286768","127.18012018286768"
"4129","33","33","33","138.5358575712097","138.5358575712097","138.5358575712097"
"4187","34","34","34","141.55406725461808","141.55406725461808","141.55406725461808"
"4243","35","35","35","144.43328883084274","144.43328883084274","144.43328883084274"
"4302","36","36","36","144.46648459693085","144.46648459693085","144.46648459693085"
"4360","37","37","37","149.3827781920573","149.3827781920573","149.3827781920573"
"4419","38","38","38","145.47969089800338","145.47969089800338","145.47969089800338"
"4513","39","39","39","212.92197421783243","212.92197421783243","212.92197421783243"
"4572","40","40","40","147.89949608408034","147.89949608408034","147.89949608408034"
"4625","41","41","41","133.72207663050813","133.72207663050813","133.72207663050813"
"4673","42","42","42","119.10197227184898","119.10197227184898","119.10197227184898"
"4723","43","43","43","129.58730919646172","129.58730919646172","129.58730919646172"
"4782","44","44","44","148.59873068108982","148.59873068108982","148.59873068108982"
"4835","45","45","45","134.54252408327278","134.54252408327278","134.54252408327278"
"4887","46","46","46","128.94290729844673","128.94290729844673","128.94290729844673"
"4943","47","47","47","146.32708606289688","146.32708606289688","146.32708606289688"
"4995","48","48","48","128.0764499025301","128.0764499025301","128.0764499025301"
"5096","49","49","49","231.4004027376803","231.4004027376803","231.4004027376803"
"5156","50","50","50","137.028864865625","137.028864865625","137.028864865625"
"5214","51","51","51","159.03513066850732","159.03513066850732","159.03513066850732"
"5273","52","52","52","140.28202397514968","140.28202397514968","140.28202397514968"
"5330","53","53","53","150.25871210624004","150.25871210624004","150.25871210624004"
"5385","54","54","54","131.69819861957862","131.69819861957862","131.69819861957862"
"5443","55","55","55","152.39423582039032","152.39423582039032","152.39423582039032"
"5503","56","56","56","146.20911670338353","146.20911670338353","146.20911670338353"
"5571","57","57","57","172.49961529054835","172.49961529054835","172.49961529054835"
"5631","58","58","58","144.73254341327188","144.73254341327188","144.73254341327188"
"5720","59","59","59","218.76722132324628","218.76722132324628","218.76722132324628"
"5774","60","60","60","127.59940880476871","127.59940880476871","127.59940880476871"
"5823","61","61","61","123.17300565801428","123.17300565801428","123.17300565801428"
"5872","62","62","62","123.57117280368468","123.57117280368468","123.57117280368468"
"5924","63","63","63","124.15482079893496","124.15482079893496","124.15482079893496"
"5982","64","64","64","147.8980878009627","147.8980878009627","147.8980878009627"
"6034","65","65","65","124.71970157545717","124.71970157545717","124.71970157545717"
"6084","66","66","66","134.7433042111839","134.7433042111839","134.7433042111839"
"6135","67","67","67","118.68525936748982","118.68525936748982","118.68525936748982"
"6194","68","68","68","170.00777285838691","170.00777285838691","170.00777285838691"
"6292","69","69","69","226.2259989834917","226.2259989834917","226.2259989834917"
"6348","70","70","70","130.04141941569324","130.04141941569324","130.04141941569324"
"6406","71","71","71","164.44175952923314","164.44175952923314","164.44175952923314"
"6461","72","72","72","137.12535511858928","137.12535511858928","137.12535511858928"
"6516","73","73","73","138.3250476385162","138.3250476385162","138.3250476385162"
"6572","74","74","74","145.55188537548887","145.55188537548887","145.55188537548887"
"6627","75","75","75","135.09483337538876","135.09483337538876","135.09483337538876"
"6685","76","76","76","151.13782259128982","151.13782259128982","151.13782259128982"
"6746","77","77","77","140.84699435609986","140.84699435609986","140.84699435609986"
"6802","78","78","78","166.82573930103433","166.82573930103433","166.82573930103433"
"6898","79","79","79","216.15821534528047","216.15821534528047","216.15821534528047"
"6957","80","80","80","137.23104785279207","137.23104785279207","137.23104785279207"
"7012","81","81","81","154.94399415461515","154.94399415461515","154.94399415461515"
"7066","82","82","82","129.5845681833531","129.5845681833531","129.5845681833531"
"7123","83","83","83","150.17811228676572","150.17811228676572","150.17811228676572"
"7191","84","84","84","177.53095841521662","177.53095841521662","177.53095841521662"
"7258","85","85","85","165.209995717275","165.209995717275","165.209995717275"
"7323","86","86","86","167.73680303842613","167.73680303842613","167.73680303842613"
"7389","87","87","87","154.74269702487553","154.74269702487553","154.74269702487553"
"7445","88","88","88","148.58496638367907","148.58496638367907","148.58496638367907"
"7533","89","89","89","205.414651853515","205.414651853515","205.414651853515"
"7585","90","90","90","124.60735731121032","124.60735731121032","124.60735731121032"
"7640","91","91","91","146.62360795127702","146.62360795127702","146.62360795127702"
"7695","92","92","92","134.11617272189267","134.11617272189267","134.11617272189267"
"7750","93","93","93","142.07487696250416","142.07487696250416","142.07487696250416"
"7806","94","94","94","135.717968871749","135.717968871749","135.717968871749"
"7870","95","95","95","161.3879624529712","161.3879624529712","161.3879624529712"
"7936","96","96","96","161.02495167006268","161.02495167006268","161.02495167006268"
"7995","97","97","97","147.89571125505614","147.89571125505614","147.89571125505614"
"8051","98","98","98","138.5806553348393","138.5806553348393","138.5806553348393"
"8147","99","99","99","216.9659096969734","216.9659096969734","216.9659096969734"
"8220","100","100","100","211.8739161056344","211.8739161056344","211.8739161056344"
"8284","101","101","101","143.00794535660583","143.00794535660583","143.00794535660583"
"8338","102","102","102","166.66172599882145","166.66172599882145","166.66172599882145"
"8394","103","103","103","124.06799165291356","124.06799165291356","124.06799165291356"
"8447","104","104","104","150.3692973390325","150.3692973390325","150.3692973390325"
"8498","105","105","105","112.33062428188994","112.33062428188994","112.33062428188994"
"8553","106","106","106","154.05936838303222","154.05936838303222","154.05936838303222"
"8614","107","107","107","143.16791897792717","143.16791897792717","143.16791897792717"
"8683","108","108","108","191.82351621453887","191.82351621453887","191.82351621453887"
"8794","109","109","109","240.54131624482875","240.54131624482875","240.54131624482875"
"8852","110","110","110","136.45259335355132","136.45259335355132","136.45259335355132"
"8909","111","111","111","151.26435350590106","151.26435350590106","151.26435350590106"
"8966","112","112","112","137.82945217752254","137.82945217752254","137.82945217752254"
"9020","113","113","113","144.39790913137603","144.39790913137603","144.39790913137603"
"9074","114","114","114","126.86908674886983","126.86908674886983","126.86908674886983"
"9126","115","115","115","139.64867004223638","139.64867004223638","139.64867004223638"
"9181","116","116","116","130.7953445323676","130.7953445323676","130.7953445323676"
"9252","117","117","117","180.40713486298657","180.40713486298657","180.40713486298657"
"9317","118","118","118","151.67665642946992","151.67665642946992","151.67665642946992"
"9411","119","119","119","208.243255079732","208.243255079732","208.243255079732"
"9479","120","120","120","176.98364432059986","176.98364432059986","176.98364432059986"
"9536","121","121","121","145.46702007816464","145.46702007816464","145.46702007816464"
"9586","122","122","122","122.36787191079532","122.36787191079532","122.36787191079532"
"9639","123","123","123","139.7779391601482","139.7779391601482","139.7779391601482"
"9693","124","124","124","131.03155026891625","131.03155026891625","131.03155026891625"
"9745","125","125","125","136.16961997565397","136.16961997565397","136.16961997565397"
"9801","126","126","126","138.81447989843625","138.81447989843625","138.81447989843625"
"9861","127","127","127","157.65695820421186","157.65695820421186","157.65695820421186"
"9934","128","128","128","173.09806438301908","173.09806438301908","173.09806438301908"
"10028","129","129","129","205.91302219960053","205.91302219960053","205.91302219960053"
"10092","130","130","130","156.52143247922348","156.52143247922348","156.52143247922348"
"10153","131","131","131","164.93436492433548","164.93436492433548","164.93436492433548"
"10211","132","132","132","134.7329949877619","134.7329949877619","134.7329949877619"
"10268","133","133","133","152.57766676407667","152.57766676407667","152.57766676407667"
"10320","134","134","134","123.66538035226533","123.66538035226533","123.66538035226533"
"10374","135","135","135","145.9874216205192","145.9874216205192","145.9874216205192"
"10431","136","136","136","133.1213202840342","133.1213202840342","133.1213202840342"
"10488","137","137","137","150.48227839159148","150.48227839159148","150.48227839159148"
"10544","138","138","138","134.05813992508178","134.05813992508178","134.05813992508178"
"10640","139","139","139","222.0009428389537","222.0009428389537","222.0009428389537"
"10696","140","140","140","138.03766012222337","138.03766012222337","138.03766012222337"
"10749","141","141","141","141.82333179917174","141.82333179917174","141.82333179917174"
"10802","142","142","142","124.7704596469617","124.7704596469617","124.7704596469617"
"10868","143","143","143","174.62908829727462","174.62908829727462","174.62908829727462"
"10927","144","144","144","142.67153727580467","142.67153727580467","142.67153727580467"
"10983","145","145","145","145.05348138701743","145.05348138701743","145.05348138701743"
"11042","146","146","146","143.17646064618245","143.17646064618245","143.17646064618245"
"11093","147","147","147","131.23935486698483","131.23935486698483","131.23935486698483"
"11141","148","148","148","118.83208437925715","118.83208437925715","118.83208437925715"
"11249","149","149","149","237.63359391171718","237.63359391171718","237.63359391171718"
"11312","150","150","150","151.3315933771985","151.3315933771985","151.3315933771985"
"11363","151","151","151","134.9761363312596","134.9761363312596","134.9761363312596"
"11415","152","152","152","123.46566197982969","123.46566197982969","123.46566197982969"
"11468","153","153","153","140.65692391795017","140.65692391795017","140.65692391795017"
"11524","154","154","154","135.40427348963513","135.40427348963513","135.40427348963513"
"11575","155","155","155","134.51794965680818","134.51794965680818","134.51794965680818"
"11628","156","156","156","128.2987773049663","128.2987773049663","128.2987773049663"
"11686","157","157","157","148.42136140603873","148.42136140603873","148.42136140603873"
"11743","158","158","158","138.81820553952613","138.81820553952613","138.81820553952613"
"11841","159","159","159","211.11403481345286","211.11403481345286","211.11403481345286"
"11900","160","160","160","149.90122641946743","149.90122641946743","149.90122641946743"
"11954","161","161","161","143.0694520658983","143.0694520658983","143.0694520658983"
"12011","162","162","162","140.69362568310527","140.69362568310527","140.69362568310527"
"12062","163","163","163","128.30620507755907","128.30620507755907","128.30620507755907"
"12123","164","164","164","152.01376966632395","152.01376966632395","152.01376966632395"
"12188","165","165","165","158.47160334791536","158.47160334791536","158.47160334791536"
"12249","166","166","166","158.29799302669716","158.29799302669716","158.29799302669716"
"12309","167","167","167","150.83685430459806","150.83685430459806","150.83685430459806"
"12368","168","168","168","149.3169383853783","149.3169383853783","149.3169383853783"
"12472","169","169","169","212.92066353866088","212.92066353866088","212.92066353866088"
"12554","170","170","170","244.57470814574057","244.57470814574057","244.57470814574057"
"12620","171","171","171","151.4817464314652","151.4817464314652","151.4817464314652"
"12692","172","172","172","207.6694939134524","207.6694939134524","207.6694939134524"
"12766","173","173","173","159.79982303617865","159.79982303617865","159.79982303617865"
"12844","174","174","174","257.29400961500403","257.29400961500403","257.29400961500403"
"12921","175","175","175","177.46244695970532","177.46244695970532","177.46244695970532"
"13706","176","176","176","2348.325518993401","2348.325518993401","2348.325518993401"
"14092","177","177","177","1177.3330044239708","1177.3330044239708","1177.3330044239708"
"14424","178","178","178","1010.536635636693","1010.536635636693","1010.536635636693"
"14841","179","179","179","1223.5547192498068","1223.5547192498068","1223.5547192498068"
"15135","180","180","180","904.0481874218625","904.0481874218625","904.0481874218625"
"15534","181","181","181","1230.8941762363913","1230.8941762363913","1230.8941762363913"
"15782","182","182","182","745.859118460852","745.859118460852","745.859118460852"
"16233","183","183","183","1384.6448302631525","1384.6448302631525","1384.6448302631525"
"16772","184","184","184","1648.206238080971","1648.206238080971","1648.206238080971"
"17212","185","185","185","1338.0977281001597","1338.0977281001597","1338.0977281001597"
"17740","186","186","186","1600.4582641692657","1600.4582641692657","1600.4582641692657"
"20151","187","187","187","7336.31951610762","7336.31951610762","7336.31951610762"
"20531","188","188","188","1195.3204269963335","1195.3204269963335","1195.3204269963335"
"21031","189","189","189","1477.005313083","1477.005313083","1477.005313083"
"21315","190","190","190","897.7966024379829","897.7966024379829","897.7966024379829"
"21483","191","191","191","566.0967392399756","566.0967392399756","566.0967392399756"
"21649","192","192","192","514.4501335263211","514.4501335263211","514.4501335263211"
"21768","193","193","193","362.6978687122058","362.6978687122058","362.6978687122058"
"21890","194","194","194","373.8080528573757","373.8080528573757","373.8080528573757"
"22068","195","195","195","589.7161281640014","589.7161281640014","589.7161281640014"
"22196","196","196","196","393.65396074407414","393.65396074407414","393.65396074407414"
"22330","197","197","197","455.27274649568284","455.27274649568284","455.27274649568284"
"22452","198","198","198","363.5941719552792","363.5941719552792","363.5941719552792"
"23062","199","199","199","1971.405310712731","1971.405310712731","1971.405310712731"
"23154","200","200","200","253.30909876358965","253.30909876358965","253.30909876358965"
"23381","201","201","201","713.9127807865536","713.9127807865536","713.9127807865536"
"23649","202","202","202","843.0142550046168","843.0142550046168","843.0142550046168"
"23757","203","203","203","287.3192827225033","287.3192827225033","287.3192827225033"
"23935","204","204","204","588.6141902025129","588.6141902025129","588.6141902025129"
"24119","205","205","205","634.288186594901","634.288186594901","634.288186594901"
"24801","206","206","206","2196.7355198151604","2196.7355198151604","2196.7355198151604"
"24930","207","207","207","427.6616860374787","427.6616860374787","427.6616860374787"
"25072","208","208","208","444.11902725244926","444.11902725244926","444.11902725244926"
"25904","209","209","209","2788.8000968501487","2788.8000968501487","2788.8000968501487"
"26108","210","210","210","667.7134644965425","667.7134644965425","667.7134644965425"
"26257","211","211","211","488.78604406734667","488.78604406734667","488.78604406734667"
"26365","212","212","212","334.23414083376264","334.23414083376264","334.23414083376264"
"26600","213","213","213","754.3700931964496","754.3700931964496","754.3700931964496"
"27077","214","214","214","1544.9784242380633","1544.9784242380633","1544.9784242380633"
"27183","215","215","215","331.78578155297276","331.78578155297276","331.78578155297276"
"27272","216","216","216","277.005208621625","277.005208621625","277.005208621625"
"27342","217","217","217","215.2332609953894","215.2332609953894","215.2332609953894"
"27436","218","218","218","285.19615420505664","285.19615420505664","285.19615420505664"
"28389","219","219","219","2956.263905930775","2956.263905930775","2956.263905930775"
"28591","220","220","220","718.0083048405899","718.0083048405899","718.0083048405899"
"28687","221","221","221","293.27174531638815","293.27174531638815","293.27174531638815"
"29285","222","222","222","1827.8275128115467","1827.8275128115467","1827.8275128115467"
"29659","223","223","223","1160.363995448041","1160.363995448041","1160.363995448041"
"29854","224","224","224","753.6216596834892","753.6216596834892","753.6216596834892"
"30051","225","225","225","726.1492531977185","726.1492531977185","726.1492531977185"
"30134","226","226","226","195.71104538075525","195.71104538075525","195.71104538075525"
"30344","227","227","227","821.1765651391213","821.1765651391213","821.1765651391213"
"30547","228","228","228","694.9950115710094","694.9950115710094","694.9950115710094"
"30740","229","229","229","389.51373961987446","389.51373961987446","389.51373961987446"
"31010","230","230","230","915.6450283277791","915.6450283277791","915.6450283277791"
"31136","231","231","231","438.45605272169394","438.45605272169394","438.45605272169394"
"31217","232","232","232","219.94423882742737","219.94423882742737","219.94423882742737"
"31318","233","233","233","336.11173486925736","336.11173486925736","336.11173486925736"
"31407","234","234","234","244.7169773581955","244.7169773581955","244.7169773581955"
"31940","235","235","235","1691.4480852187023","1691.4480852187023","1691.4480852187023"
"32162","236","236","236","808.2705175564697","808.2705175564697","808.2705175564697"
"32257","237","237","237","277.06075067233513","277.06075067233513","277.06075067233513"
"32358","238","238","238","339.93279589722516","339.93279589722516","339.93279589722516"
"32698","239","239","239","1251.052607799245","1251.052607799245","1251.052607799245"
"32789","240","240","240","262.3956350116176","262.3956350116176","262.3956350116176"
"32893","241","241","241","336.9838248927689","336.9838248927689","336.9838248927689"
"32988","242","242","242","271.2120442139058","271.2120442139058","271.2120442139058"
"33117","243","243","243","431.34875989192557","431.34875989192557","431.34875989192557"
"33217","244","244","244","309.12781586553433","309.12781586553433","309.12781586553433"
"33327","245","245","245","363.880396431452","363.880396431452","363.880396431452"
"33426","246","246","246","295.020052807559","295.020052807559","295.020052807559"
"33556","247","247","247","276.1609609977072","276.1609609977072","276.1609609977072"
"33966","248","248","248","1502.1145830715438","1502.1145830715438","1502.1145830715438"
"34178","249","249","249","441.03687214205866","441.03687214205866","441.03687214205866"
"34733","250","250","250","1761.7777832792328","1761.7777832792328","1761.7777832792328"
"34836","251","251","251","326.37991768738885","326.37991768738885","326.37991768738885"
"34940","252","252","252","336.24842545574666","336.24842545574666","336.24842545574666"
"35026","253","253","253","223.70645465762425","223.70645465762425","223.70645465762425"
"35151","254","254","254","481.31407676267946","481.31407676267946","481.31407676267946"
"35259","255","255","255","337.5507369702828","337.5507369702828","337.5507369702828"
"35375","256","256","256","352.7806670548315","352.7806670548315","352.7806670548315"
"35487","257","257","257","340.06908969232023","340.06908969232023","340.06908969232023"
"35790","258","258","258","897.312129072146","897.312129072146","897.312129072146"
"36319","259","259","259","1739.700118143111","1739.700118143111","1739.700118143111"
"36475","260","260","260","489.05229757613967","489.05229757613967","489.05229757613967"
"36601","261","261","261","457.77944400740785","457.77944400740785","457.77944400740785"
"36721","262","262","262","325.54224538112055","325.54224538112055","325.54224538112055"
"36842","263","263","263","426.0072995703785","426.0072995703785","426.0072995703785"
"36955","264","264","264","319.0040597263067","319.0040597263067","319.0040597263067"
"37149","265","265","265","595.232293723011","595.232293723011","595.232293723011"
"37557","266","266","266","1112.6390864158748","1112.6390864158748","1112.6390864158748"
"37685","267","267","267","424.2419803782206","424.2419803782206","424.2419803782206"
"37992","268","268","268","934.4227969051071","934.4227969051071","934.4227969051071"
"38309","269","269","269","940.4386160922377","940.4386160922377","940.4386160922377"
"38763","270","270","270","1495.476983436775","1495.476983436775","1495.476983436775"
"39104","271","271","271","1230.5060166980861","1230.5060166980861","1230.5060166980861"
"39386","272","272","272","925.8642385986758","925.8642385986758","925.8642385986758"
"39512","273","273","273","426.8971744287679","426.8971744287679","426.8971744287679"
"39715","274","274","274","577.4949917326054","577.4949917326054","577.4949917326054"
"39853","275","275","275","427.8494616334827","427.8494616334827","427.8494616334827"
"40351","276","276","276","1607.9793682861066","1607.9793682861066","1607.9793682861066"
"40497","277","277","277","503.4813866440545","503.4813866440545","503.4813866440545"
"40602","278","278","278","234.52701831340454","234.52701831340454","234.52701831340454"
"40889","279","279","279","882.8825434178964","882.8825434178964","882.8825434178964"
"41061","280","280","280","508.53398598888003","508.53398598888003","508.53398598888003"
"41164","281","281","281","316.3054318734587","316.3054318734587","316.3054318734587"
"41250","282","282","282","319.7544293844616","319.7544293844616","319.7544293844616"
"41358","283","283","283","365.59994467987127","365.59994467987127","365.59994467987127"
"41452","284","284","284","264.0089831003514","264.0089831003514","264.0089831003514"
"41751","285","285","285","1040.6778724400895","1040.6778724400895","1040.6778724400895"
"41831","286","286","286","206.94681176408127","206.94681176408127","206.94681176408127"
"42033","287","287","287","687.6104774100849","687.6104774100849","687.6104774100849"
"42113","288","288","288","244.34053671957832","244.34053671957832","244.34053671957832"
"42305","289","289","289","556.0773516735027","556.0773516735027","556.0773516735027"
"42404","290","290","290","277.6081692144651","277.6081692144651","277.6081692144651"
"42505","291","291","291","312.3686861275831","312.3686861275831","312.3686861275831"
"42600","292","292","292","264.0650002697519","264.0650002697519","264.0650002697519"
"42682","293","293","293","217.37279372239757","217.37279372239757","217.37279372239757"
"42778","294","294","294","243.51456114136673","243.51456114136673","243.51456114136673"
"42900","295","295","295","471.603069363539","471.603069363539","471.603069363539"
"43098","296","296","296","617.2158755556187","617.2158755556187","617.2158755556187"
"43934","297","297","297","3128.8643126778643","3128.8643126778643","3128.8643126778643"
"44149","298","298","298","912.6090748686858","912.6090748686858","912.6090748686858"
"44306","299","299","299","445.4345734918635","445.4345734918635","445.4345734918635"
"44421","300","300","300","364.2382704270989","364.2382704270989","364.2382704270989"
"44567","301","301","301","537.5216835484874","537.5216835484874","537.5216835484874"
"44902","302","302","302","1206.4963714141693","1206.4963714141693","1206.4963714141693"
"45245","303","303","303","1325.7368484392189","1325.7368484392189","1325.7368484392189"
"45335","304","304","304","272.19362559827795","272.19362559827795","272.19362559827795"
"45424","305","305","305","330.1624485647073","330.1624485647073","330.1624485647073"
"45820","306","306","306","1687.7078954274778","1687.7078954274778","1687.7078954274778"
"45937","307","307","307","341.3945336669342","341.3945336669342","341.3945336669342"
"46079","308","308","308","612.6700758391927","612.6700758391927","612.6700758391927"
"46231","309","309","309","381.1300616593796","381.1300616593796","381.1300616593796"
"46564","310","310","310","1136.8917653713665","1136.8917653713665","1136.8917653713665"
"46662","311","311","311","384.49974679475","384.49974679475","384.49974679475"
"46779","312","312","312","390.801215631767","390.801215631767","390.801215631767"
"46867","313","313","313","264.4397544077959","264.4397544077959","264.4397544077959"
"47095","314","314","314","865.8185054991942","865.8185054991942","865.8185054991942"
"47169","315","315","315","227.7448299817079","227.7448299817079","227.7448299817079"
"47261","316","316","316","280.438648044535","280.438648044535","280.438648044535"
"47706","317","317","317","1392.7698582243374","1392.7698582243374","1392.7698582243374"
"47897","318","318","318","783.9816839047912","783.9816839047912","783.9816839047912"
"48136","319","319","319","626.9221586960525","626.9221586960525","626.9221586960525"
"48384","320","320","320","1100.7363824968784","1100.7363824968784","1100.7363824968784"
"48453","321","321","321","152.81940487443478","152.81940487443478","152.81940487443478"
"48525","322","322","322","216.97139110834678","216.97139110834678","216.97139110834678"
"48598","323","323","323","197.90807971240054","197.90807971240054","197.90807971240054"
"48680","324","324","324","247.91986498170917","247.91986498170917","247.91986498170917"
"49102","325","325","325","1533.427940214074","1533.427940214074","1533.427940214074"
"49178","326","326","326","188.7758947271845","188.7758947271845","188.7758947271845"
"49253","327","327","327","219.40318428402","219.40318428402","219.40318428402"
"49343","328","328","328","263.6703784490656","263.6703784490656","263.6703784490656"
"49639","329","329","329","951.6960274429249","951.6960274429249","951.6960274429249"
"49717","330","330","330","204.31836727338734","204.31836727338734","204.31836727338734"
"50024","331","331","331","1514.821703633794","1514.821703633794","1514.821703633794"
"50111","332","332","332","252.004965458387","252.004965458387","252.004965458387"
"50178","333","333","333","169.76932619523623","169.76932619523623","169.76932619523623"
"50252","334","334","334","216.1711854416978","216.1711854416978","216.1711854416978"
"50323","335","335","335","184.65403703212962","184.65403703212962","184.65403703212962"
"50405","336","336","336","244.55658474445644","244.55658474445644","244.55658474445644"
"50492","337","337","337","252.13051550446738","252.13051550446738","252.13051550446738"
"50574","338","338","338","232.08897993532608","232.08897993532608","232.08897993532608"
"50736","339","339","339","404.24189662180873","404.24189662180873","404.24189662180873"
"50880","340","340","340","518.2151655858751","518.2151655858751","518.2151655858751"
"51098","341","341","341","727.4044699829494","727.4044699829494","727.4044699829494"
"51178","342","342","342","273.542774583107","273.542774583107","273.542774583107"
"51251","343","343","343","213.3267698539945","213.3267698539945","213.3267698539945"
"51348","344","344","344","357.7279173894932","357.7279173894932","357.7279173894932"
"51912","345","345","345","2390.582403334969","2390.582403334969","2390.582403334969"
"51993","346","346","346","195.62161269569773","195.62161269569773","195.62161269569773"
"52059","347","347","347","177.95833449287431","177.95833449287431","177.95833449287431"
"52127","348","348","348","162.88012422048388","162.88012422048388","162.88012422048388"
"52245","349","349","349","359.8297798384564","359.8297798384564","359.8297798384564"
"52313","350","350","350","159.3007570071396","159.3007570071396","159.3007570071396"
"52388","351","351","351","213.63118026323235","213.63118026323235","213.63118026323235"
"52467","352","352","352","176.17363958437804","176.17363958437804","176.17363958437804"
"52594","353","353","353","480.62237242797175","480.62237242797175","480.62237242797175"
"52725","354","354","354","619.6095365010146","619.6095365010146","619.6095365010146"
"53062","355","355","355","1423.266524443456","1423.266524443456","1423.266524443456"
"53325","356","356","356","850.8930173928293","850.8930173928293","850.8930173928293"
"53423","357","357","357","264.50933078469865","264.50933078469865","264.50933078469865"
"53515","358","358","358","349.66881472220166","349.66881472220166","349.66881472220166"
"53664","359","359","359","367.53237994157837","367.53237994157837","367.53237994157837"
"53764","360","360","360","263.61606430129063","263.61606430129063","263.61606430129063"
"54122","361","361","361","1485.7473926196508","1485.7473926196508","1485.7473926196508"
"54249","362","362","362","474.628406194117","474.628406194117","474.628406194117"
"54352","363","363","363","291.82965362694443","291.82965362694443","291.82965362694443"
"54458","364","364","364","443.4861587378255","443.4861587378255","443.4861587378255"
"54545","365","365","365","319.08447669982075","319.08447669982075","319.08447669982075"
"54637","366","366","366","229.88223857372105","229.88223857372105","229.88223857372105"
"54724","367","367","367","240.16114321930235","240.16114321930235","240.16114321930235"
"54809","368","368","368","223.99271697564527","223.99271697564527","223.99271697564527"
"55315","369","369","369","1876.3103070690377","1876.3103070690377","1876.3103070690377"
"55558","370","370","370","1067.143466464141","1067.143466464141","1067.143466464141"
"55695","371","371","371","512.2074010374431","512.2074010374431","512.2074010374431"
"55836","372","372","372","505.13121762754065","505.13121762754065","505.13121762754065"
"56302","373","373","373","1893.709698736663","1893.709698736663","1893.709698736663"
"56407","374","374","374","333.42156690444057","333.42156690444057","333.42156690444057"
"56696","375","375","375","1461.8908059813689","1461.8908059813689","1461.8908059813689"
"56923","376","376","376","1071.4878963389542","1071.4878963389542","1071.4878963389542"
"57172","377","377","377","877.1538049918848","877.1538049918848","877.1538049918848"
"57275","378","378","378","300.2183531135636","300.2183531135636","300.2183531135636"
"57463","379","379","379","509.39650910183735","509.39650910183735","509.39650910183735"
"58092","380","380","380","2862.7121850122007","2862.7121850122007","2862.7121850122007"
"58410","381","381","381","1240.5902953694133","1240.5902953694133","1240.5902953694133"
"58526","382","382","382","458.8726799384488","458.8726799384488","458.8726799384488"
"58661","383","383","383","462.8661777534342","462.8661777534342","462.8661777534342"
"58772","384","384","384","332.6202872718173","332.6202872718173","332.6202872718173"
"58877","385","385","385","254.349285051952","254.349285051952","254.349285051952"
"59046","386","386","386","544.911980166165","544.911980166165","544.911980166165"
"59466","387","387","387","1411.7305569855714","1411.7305569855714","1411.7305569855714"
"59564","388","388","388","346.5940503755002","346.5940503755002","346.5940503755002"
"59808","389","389","389","818.885417876295","818.885417876295","818.885417876295"
"59928","390","390","390","459.9670001313604","459.9670001313604","459.9670001313604"
"60162","391","391","391","527.9600863122995","527.9600863122995","527.9600863122995"
"60335","392","392","392","805.0079710676655","805.0079710676655","805.0079710676655"
"60464","393","393","393","470.9949704869258","470.9949704869258","470.9949704869258"
"60858","394","394","394","1158.335468149923","1158.335468149923","1158.335468149923"
"61011","395","395","395","612.860335023089","612.860335023089","612.860335023089"
"61396","396","396","396","1343.7224491307243","1343.7224491307243","1343.7224491307243"
"61561","397","397","397","487.4770325353828","487.4770325353828","487.4770325353828"
"61967","398","398","398","1845.9341586785426","1845.9341586785426","1845.9341586785426"
"62180","399","399","399","538.4760187533042","538.4760187533042","538.4760187533042"
"62397","400","400","400","855.3369160750613","855.3369160750613","855.3369160750613"
"62906","401","401","401","2236.5849193530075","2236.5849193530075","2236.5849193530075"
"63178","402","402","402","871.6793395898065","871.6793395898065","871.6793395898065"
"63530","403","403","403","1544.6696601603644","1544.6696601603644","1544.6696601603644"
"63712","404","404","404","550.0247728945286","550.0247728945286","550.0247728945286"
"63862","405","405","405","489.0458453616084","489.0458453616084","489.0458453616084"
"64090","406","406","406","864.6089524795455","864.6089524795455","864.6089524795455"
"64580","407","407","407","1813.2199121737156","1813.2199121737156","1813.2199121737156"
"64694","408","408","408","465.2255195497722","465.2255195497722","465.2255195497722"
"64931","409","409","409","636.7709923393529","636.7709923393529","636.7709923393529"
"65295","410","410","410","1490.5523360637694","1490.5523360637694","1490.5523360637694"
"66078","411","411","411","2456.330716013965","2456.330716013965","2456.330716013965"
"66879","412","412","412","2473.639221530267","2473.639221530267","2473.639221530267"
"66979","413","413","413","325.3130953534965","325.3130953534965","325.3130953534965"
"67324","414","414","414","1161.4677530923145","1161.4677530923145","1161.4677530923145"
"67929","415","415","415","2187.5304870944237","2187.5304870944237","2187.5304870944237"
"68463","416","416","416","1916.2457101084563","1916.2457101084563","1916.2457101084563"
"68640","417","417","417","558.0307949701498","558.0307949701498","558.0307949701498"
"68996","418","418","418","1309.3756811436938","1309.3756811436938","1309.3756811436938"
"69437","419","419","419","1672.1602048221457","1672.1602048221457","1672.1602048221457"
"69818","420","420","420","1562.0871118048208","1562.0871118048208","1562.0871118048208"
"69967","421","421","421","518.2782058178061","518.2782058178061","518.2782058178061"
"71689","422","422","422","6107.667115032355","6107.667115032355","6107.667115032355"
"72454","423","423","423","2600.079402509765","2600.079402509765","2600.079402509765"
"72584","424","424","424","507.9817319005739","507.9817319005739","507.9817319005739"
"73166","425","425","425","2061.2645930972935","2061.2645930972935","2061.2645930972935"
"73491","426","426","426","1109.574528007027","1109.574528007027","1109.574528007027"
"73791","427","427","427","1021.4822797862239","1021.4822797862239","1021.4822797862239"
"73935","428","428","428","443.9435507834996","443.9435507834996","443.9435507834996"
"74077","429","429","429","382.97073884818974","382.97073884818974","382.97073884818974"
"74207","430","430","430","525.1307887849703","525.1307887849703","525.1307887849703"
"74430","431","431","431","868.6614982846637","868.6614982846637","868.6614982846637"
"74659","432","432","432","740.1101899562676","740.1101899562676","740.1101899562676"
"74842","433","433","433","702.723907031781","702.723907031781","702.723907031781"
"75719","434","434","434","2976.872095770982","2976.872095770982","2976.872095770982"
"75968","435","435","435","876.761953023976","876.761953023976","876.761953023976"
"76101","436","436","436","564.7507634499261","564.7507634499261","564.7507634499261"
"76413","437","437","437","958.6715553845587","958.6715553845587","958.6715553845587"
"76556","438","438","438","570.4163989534645","570.4163989534645","570.4163989534645"
"76826","439","439","439","933.7822171267076","933.7822171267076","933.7822171267076"
"77160","440","440","440","1155.5698840267826","1155.5698840267826","1155.5698840267826"
"77284","441","441","441","417.05199938517535","417.05199938517535","417.05199938517535"
"77416","442","442","442","480.3712175009509","480.3712175009509","480.3712175009509"
"77805","443","443","443","1433.531879820968","1433.531879820968","1433.531879820968"
"77924","444","444","444","418.74659092179024","418.74659092179024","418.74659092179024"
"78198","445","445","445","891.8377229822374","891.8377229822374","891.8377229822374"
"78346","446","446","446","496.9409382681682","496.9409382681682","496.9409382681682"
"78438","447","447","447","374.78430946819753","374.78430946819753","374.78430946819753"
"78630","448","448","448","730.3614397195795","730.3614397195795","730.3614397195795"
"79065","449","449","449","1751.6504472166594","1751.6504472166594","1751.6504472166594"
"79646","450","450","450","2596.533495747262","2596.533495747262","2596.533495747262"
"80056","451","451","451","1863.9155113746858","1863.9155113746858","1863.9155113746858"
"80687","452","452","452","2295.6648337524744","2295.6648337524744","2295.6648337524744"
"81596","453","453","453","3333.5565951088574","3333.5565951088574","3333.5565951088574"
"82281","454","454","454","2401.358208121355","2401.358208121355","2401.358208121355"
"83091","455","455","455","2989.971179568213","2989.971179568213","2989.971179568213"
"84191","456","456","456","4857.429772310892","4857.429772310892","4857.429772310892"
"84434","457","457","457","1056.783486505965","1056.783486505965","1056.783486505965"
"84562","458","458","458","412.8402041632957","412.8402041632957","412.8402041632957"
"84844","459","459","459","923.5090159512082","923.5090159512082","923.5090159512082"
"84943","460","460","460","294.04331845370285","294.04331845370285","294.04331845370285"
"85454","461","461","461","2295.4254952108868","2295.4254952108868","2295.4254952108868"
"85582","462","462","462","529.5016103310584","529.5016103310584","529.5016103310584"
"86028","463","463","463","1461.0610418017027","1461.0610418017027","1461.0610418017027"
"86505","464","464","464","1804.9943773479565","1804.9943773479565","1804.9943773479565"
"86633","465","465","465","425.9190101331783","425.9190101331783","425.9190101331783"
"87402","466","466","466","2706.207467101496","2706.207467101496","2706.207467101496"
"87630","467","467","467","822.5372344415347","822.5372344415347","822.5372344415347"
"87940","468","468","468","996.8671728701721","996.8671728701721","996.8671728701721"
"88156","469","469","469","764.8380167210505","764.8380167210505","764.8380167210505"
"88934","470","470","470","2814.118680883987","2814.118680883987","2814.118680883987"
"89106","471","471","471","545.3610959797539","545.3610959797539","545.3610959797539"
"89752","472","472","472","1874.779048311134","1874.779048311134","1874.779048311134"
"89832","473","473","473","175.75186441005815","175.75186441005815","175.75186441005815"
"89908","474","474","474","190.59359791732544","190.59359791732544","190.59359791732544"
"89983","475","475","475","171.87031352416017","171.87031352416017","171.87031352416017"
"90048","476","476","476","163.14391804917085","163.14391804917085","163.14391804917085"
"90105","477","477","477","141.35690416729614","141.35690416729614","141.35690416729614"
"90160","478","478","478","140.26522092387688","140.26522092387688","140.26522092387688"
"90615","479","479","479","1612.9715833534021","1612.9715833534021","1612.9715833534021"
"90791","480","480","480","681.3198138744688","681.3198138744688","681.3198138744688"
"91393","481","481","481","2110.8096783204783","2110.8096783204783","2110.8096783204783"
"91551","482","482","482","591.2238153862415","591.2238153862415","591.2238153862415"
"91822","483","483","483","980.8511468196649","980.8511468196649","980.8511468196649"
"92090","484","484","484","1048.5249533005883","1048.5249533005883","1048.5249533005883"
"92398","485","485","485","921.3206185533974","921.3206185533974","921.3206185533974"
"92665","486","486","486","823.7974840510373","823.7974840510373","823.7974840510373"
"93305","487","487","487","2288.012372218007","2288.012372218007","2288.012372218007"
"93503","488","488","488","952.6014465204789","952.6014465204789","952.6014465204789"
"93641","489","489","489","373.9665752443197","373.9665752443197","373.9665752443197"
"93761","490","490","490","347.4414642669932","347.4414642669932","347.4414642669932"
"93895","491","491","491","496.31736099473704","496.31736099473704","496.31736099473704"
"94878","492","492","492","4348.327965728185","4348.327965728185","4348.327965728185"
"95422","493","493","493","1984.7705883694289","1984.7705883694289","1984.7705883694289"
"96277","494","494","494","3155.1192207098507","3155.1192207098507","3155.1192207098507"
"96389","495","495","495","429.0830130442601","429.0830130442601","429.0830130442601"
"96672","496","496","496","1197.9093367325077","1197.9093367325077","1197.9093367325077"
"96919","497","497","497","1028.8674160637531","1028.8674160637531","1028.8674160637531"
"97815","498","498","498","3097.541164251305","3097.541164251305","3097.541164251305"
"98171","499","499","499","1265.3410563752464","1265.3410563752464","1265.3410563752464"
"98473","500","500","500","1259.9241535523672","1259.9241535523672","1259.9241535523672"
"100040","501","501","501","6530.776280819407","6530.776280819407","6530.776280819407"
"100390","502","502","502","1151.2853511971248","1151.2853511971248","1151.2853511971248"
"100687","503","503","503","756.6075951166863","756.6075951166863","756.6075951166863"
"101427","504","504","504","2179.6813300124577","2179.6813300124577","2179.6813300124577"
"101921","505","505","505","2209.493554206311","2209.493554206311","2209.493554206311"
"102088","506","506","506","781.2488406545773","781.2488406545773","781.2488406545773"
"102439","507","507","507","1402.8106237914117","1402.8106237914117","1402.8106237914117"
"102881","508","508","508","1617.731033967621","1617.731033967621","1617.731033967621"
"103241","509","509","509","1199.0809108196","1199.0809108196","1199.0809108196"
"103477","510","510","510","1198.2062125763903","1198.2062125763903","1198.2062125763903"
"103852","511","511","511","1705.0288656188104","1705.0288656188104","1705.0288656188104"
"104098","512","512","512","1075.842122013719","1075.842122013719","1075.842122013719"
"104282","513","513","513","805.4429369010295","805.4429369010295","805.4429369010295"
"104775","514","514","514","1804.1237058388458","1804.1237058388458","1804.1237058388458"
"105089","515","515","515","1163.8803412194702","1163.8803412194702","1163.8803412194702"
"105298","516","516","516","662.8539618675387","662.8539618675387","662.8539618675387"
"105421","517","517","517","566.8335361113614","566.8335361113614","566.8335361113614"
"105733","518","518","518","1656.1058316747726","1656.1058316747726","1656.1058316747726"
"106156","519","519","519","1751.1863401296284","1751.1863401296284","1751.1863401296284"
"107474","520","520","520","4437.113090830918","4437.113090830918","4437.113090830918"
"107639","521","521","521","711.0457255133122","711.0457255133122","711.0457255133122"
"107922","522","522","522","1016.2820664617468","1016.2820664617468","1016.2820664617468"
"108628","523","523","523","2736.8011718462553","2736.8011718462553","2736.8011718462553"
"111907","524","524","524","13081.276694256412","13081.276694256412","13081.276694256412"
"112148","525","525","525","909.2622491966905","909.2622491966905","909.2622491966905"
"112334","526","526","526","805.5148147875603","805.5148147875603","805.5148147875603"
"113047","527","527","527","2588.6425177513033","2588.6425177513033","2588.6425177513033"
"113253","528","528","528","946.7063754733965","946.7063754733965","946.7063754733965"
"113752","529","529","529","1626.6465514982237","1626.6465514982237","1626.6465514982237"
"114480","530","530","530","3414.51741923198","3414.51741923198","3414.51741923198"
"116786","531","531","531","9169.314372751916","9169.314372751916","9169.314372751916"
"116982","532","532","532","775.2910667675449","775.2910667675449","775.2910667675449"
"117149","533","533","533","591.1051787396033","591.1051787396033","591.1051787396033"
"117965","534","534","534","3041.1547532492036","3041.1547532492036","3041.1547532492036"
"118557","535","535","535","1910.3011110388052","1910.3011110388052","1910.3011110388052"
"118933","536","536","536","1366.3368470576788","1366.3368470576788","1366.3368470576788"
"120016","537","537","537","4355.803597787798","4355.803597787798","4355.803597787798"
"120187","538","538","538","750.0440964727076","750.0440964727076","750.0440964727076"
"121928","539","539","539","7353.628544432267","7353.628544432267","7353.628544432267"
"122193","540","540","540","1005.5241618043843","1005.5241618043843","1005.5241618043843"
"122329","541","541","541","344.2899144989691","344.2899144989691","344.2899144989691"
"122535","542","542","542","909.1542515452379","909.1542515452379","909.1542515452379"
"123127","543","543","543","1869.6770110329542","1869.6770110329542","1869.6770110329542"
"123433","544","544","544","1132.7986531277766","1132.7986531277766","1132.7986531277766"
"123792","545","545","545","1305.2382421487666","1305.2382421487666","1305.2382421487666"
"124743","546","546","546","3521.5201083471075","3521.5201083471075","3521.5201083471075"
"125319","547","547","547","2308.195391483203","2308.195391483203","2308.195391483203"
"125670","548","548","548","1568.8815212981347","1568.8815212981347","1568.8815212981347"
"126125","549","549","549","1645.9807621591272","1645.9807621591272","1645.9807621591272"
"126798","550","550","550","2641.555615450934","2641.555615450934","2641.555615450934"
"129738","551","551","551","10478.877036069758","10478.877036069758","10478.877036069758"
"130694","552","552","552","3937.805903468329","3937.805903468329","3937.805903468329"
"130790","553","553","553","228.567169272311","228.567169272311","228.567169272311"
"130891","554","554","554","271.10897345029264","271.10897345029264","271.10897345029264"
"131344","555","555","555","1957.1660411268192","1957.1660411268192","1957.1660411268192"
"132696","556","556","556","6035.035688672737","6035.035688672737","6035.035688672737"
"133178","557","557","557","1894.7071490355906","1894.7071490355906","1894.7071490355906"
"133810","558","558","558","2220.669938797381","2220.669938797381","2220.669938797381"
"134926","559","559","559","5630.3897682388615","5630.3897682388615","5630.3897682388615"
"136635","560","560","560","7648.885836357436","7648.885836357436","7648.885836357436"
"136827","561","561","561","1178.5393516087904","1178.5393516087904","1178.5393516087904"
"137197","562","562","562","2048.19128053357","2048.19128053357","2048.19128053357"
"137729","563","563","563","2295.4041729383052","2295.4041729383052","2295.4041729383052"
"138354","564","564","564","3043.4696364691063","3043.4696364691063","3043.4696364691063"
"138699","565","565","565","1802.4892398378995","1802.4892398378995","1802.4892398378995"
"139189","566","566","566","2172.3159624779078","2172.3159624779078","2172.3159624779078"
"139719","567","567","567","2082.7846460722517","2082.7846460722517","2082.7846460722517"
"140529","568","568","568","4459.559500556537","4459.559500556537","4459.559500556537"
"141973","569","569","569","6752.986973626759","6752.986973626759","6752.986973626759"
"142926","570","570","570","4102.533743145015","4102.533743145015","4102.533743145015"
"143354","571","571","571","1826.0610773685528","1826.0610773685528","1826.0610773685528"
"143519","572","572","572","513.0803890305169","513.0803890305169","513.0803890305169"
"143755","573","573","573","1050.3791545391193","1050.3791545391193","1050.3791545391193"
"143863","574","574","574","264.9367560048444","264.9367560048444","264.9367560048444"
"143974","575","575","575","270.75328656902724","270.75328656902724","270.75328656902724"
"144673","576","576","576","3069.769717001956","3069.769717001956","3069.769717001956"
"146191","577","577","577","7632.282447726073","7632.282447726073","7632.282447726073"
"146757","578","578","578","2655.8931838605963","2655.8931838605963","2655.8931838605963"
"147694","579","579","579","4528.800543705319","4528.800543705319","4528.800543705319"
"148433","580","580","580","3296.2063662879273","3296.2063662879273","3296.2063662879273"
"149347","581","581","581","4693.8142790733755","4693.8142790733755","4693.8142790733755"
"149690","582","582","582","1355.3704194462387","1355.3704194462387","1355.3704194462387"
"149838","583","583","583","597.175059401455","597.175059401455","597.175059401455"
"150394","584","584","584","2432.511245838763","2432.511245838763","2432.511245838763"
"150678","585","585","585","1211.0854540019534","1211.0854540019534","1211.0854540019534"
"150972","586","586","586","1296.8577620708797","1296.8577620708797","1296.8577620708797"
"151308","587","587","587","1327.8831413097546","1327.8831413097546","1327.8831413097546"
"152168","588","588","588","3427.9738540326885","3427.9738540326885","3427.9738540326885"
"153866","589","589","589","7472.348209110216","7472.348209110216","7472.348209110216"
"154096","590","590","590","906.711971169594","906.711971169594","906.711971169594"
"155804","591","591","591","7996.783565172669","7996.783565172669","7996.783565172669"
"156994","592","592","592","4694.04945891826","4694.04945891826","4694.04945891826"
"157752","593","593","593","2972.8934737927266","2972.8934737927266","2972.8934737927266"
"159010","594","594","594","5186.826923114008","5186.826923114008","5186.826923114008"
"160171","595","595","595","4845.864065548021","4845.864065548021","4845.864065548021"
"160924","596","596","596","2987.1269408690764","2987.1269408690764","2987.1269408690764"
"161505","597","597","597","2315.015897015711","2315.015897015711","2315.015897015711"
"163821","598","598","598","9638.428832445947","9638.428832445947","9638.428832445947"
"165266","599","599","599","6340.5255096607925","6340.5255096607925","6340.5255096607925"
"167083","600","600","600","7458.915325090833","7458.915325090833","7458.915325090833"
"173070","601","601","601","23825.934276696087","23825.934276696087","23825.934276696087"
"180514","602","602","602","29653.423567004505","29653.423567004505","29653.423567004505"
"181055","603","603","603","2146.8087304336505","2146.8087304336505","2146.8087304336505"
"185979","604","604","604","20082.999504711937","20082.999504711937","20082.999504711937"
"186685","605","605","605","2810.980149874076","2810.980149874076","2810.980149874076"
"191366","606","606","606","17919.723921969817","17919.723921969817","17919.723921969817"
"192925","607","607","607","6516.215791993354","6516.215791993354","6516.215791993354"
"195245","608","608","608","9260.686382303917","9260.686382303917","9260.686382303917"
"196132","609","609","609","3518.3641356112316","3518.3641356112316","3518.3641356112316"
"197344","610","610","610","4807.169725943853","4807.169725943853","4807.169725943853"
"198145","611","611","611","3180.6029548115675","3180.6029548115675","3180.6029548115675"
"198927","612","612","612","3109.7630184465106","3109.7630184465106","3109.7630184465106"
"199414","613","613","613","1940.0972998412867","1940.0972998412867","1940.0972998412867"
"201432","614","614","614","8018.177850348354","8018.177850348354","8018.177850348354"
"202111","615","615","615","2695.914541036712","2695.914541036712","2695.914541036712"
"202670","616","616","616","2249.329272408696","2249.329272408696","2249.329272408696"
"204299","617","617","617","6760.98878651637","6760.98878651637","6760.98878651637"
"204897","618","618","618","2381.1826034003084","2381.1826034003084","2381.1826034003084"
"205754","619","619","619","3367.2720293423013","3367.2720293423013","3367.2720293423013"
"206352","620","620","620","2369.262848611234","2369.262848611234","2369.262848611234"
"206619","621","621","621","1052.7663270552569","1052.7663270552569","1052.7663270552569"
"207092","622","622","622","1876.5125136981137","1876.5125136981137","1876.5125136981137"
"207765","623","623","623","2672.0067765243493","2672.0067765243493","2672.0067765243493"
"209771","624","624","624","8486.618301296921","8486.618301296921","8486.618301296921"
"210172","625","625","625","1631.3461581273136","1631.3461581273136","1631.3461581273136"
"210573","626","626","626","1594.2056407940283","1594.2056407940283","1594.2056407940283"
"210887","627","627","627","1265.3593495460661","1265.3593495460661","1265.3593495460661"
"211264","628","628","628","1499.455662301271","1499.455662301271","1499.455662301271"
"212028","629","629","629","2641.807501447883","2641.807501447883","2641.807501447883"
"213442","630","630","630","5776.414053700628","5776.414053700628","5776.414053700628"
"214553","631","631","631","4453.456403262436","4453.456403262436","4453.456403262436"
"215087","632","632","632","2118.0341484675064","2118.0341484675064","2118.0341484675064"
"215930","633","633","633","3384.6830510815685","3384.6830510815685","3384.6830510815685"
"216625","634","634","634","2808.2075382555336","2808.2075382555336","2808.2075382555336"
"217327","635","635","635","2789.6667858740466","2789.6667858740466","2789.6667858740466"
"217852","636","636","636","2104.9265282916267","2104.9265282916267","2104.9265282916267"
"218307","637","637","637","1846.5570005176683","1846.5570005176683","1846.5570005176683"
"222422","638","638","638","17570.729459312584","17570.729459312584","17570.729459312584"
"223193","639","639","639","3099.855146435623","3099.855146435623","3099.855146435623"
"223842","640","640","640","2574.3413436220953","2574.3413436220953","2574.3413436220953"
"224455","641","641","641","2480.9324475452045","2480.9324475452045","2480.9324475452045"
"225718","642","642","642","5393.367499988755","5393.367499988755","5393.367499988755"
"226954","643","643","643","4949.180357938281","4949.180357938281","4949.180357938281"
"228086","644","644","644","5128.797646283846","5128.797646283846","5128.797646283846"
"238086","645","645","645","44155.158217239026","44155.158217239026","44155.158217239026"
"243453","646","646","646","22644.036122581794","22644.036122581794","22644.036122581794"
"251941","647","647","647","36640.08473555324","36640.08473555324","36640.08473555324"
"261941","648","648","648","42813.32508852936","42813.32508852936","42813.32508852936"
"262186","649","649","649","896.7530049319304","896.7530049319304","896.7530049319304"
"264982","650","650","650","11902.340209341344","11902.340209341344","11902.340209341344"
"266025","651","651","651","4343.8050915732465","4343.8050915732465","4343.8050915732465"
"270047","652","652","652","18184.837213634713","18184.837213634713","18184.837213634713"
"277547","653","653","653","33379.12344696049","33379.12344696049","33379.12344696049"
"284759","654","654","654","32012.88601391965","32012.88601391965","32012.88601391965"
"293889","655","655","655","42266.0707287659","42266.0707287659","42266.0707287659"
"303889","656","656","656","50228.868867838195","50228.868867838195","50228.868867838195"
"313889","657","657","657","48068.13575655638","48068.13575655638","48068.13575655638"
"323889","658","658","658","47667.79296892827","47667.79296892827","47667.79296892827"
"326157","659","659","659","10438.364098341013","10438.364098341013","10438.364098341013"
"336157","660","660","660","49130.219065437435","49130.219065437435","49130.219065437435"
"346050","661","661","661","51518.22900178599","51518.22900178599","51518.22900178599"
"351210","662","662","662","26047.31227833833","26047.31227833833","26047.31227833833"
"361210","663","663","663","49351.9113073027","49351.9113073027","49351.9113073027"
"371210","664","664","664","51864.65763429601","51864.65763429601","51864.65763429601"
"381210","665","665","665","51490.981434447436","51490.981434447436","51490.981434447436"
"387259","666","666","666","32012.209382509107","32012.209382509107","32012.209382509107"
"397259","667","667","667","53120.26190333789","53120.26190333789","53120.26190333789"
"407259","668","668","668","51141.70413267765","51141.70413267765","51141.70413267765"
"417259","669","669","669","52430.107616635614","52430.107616635614","52430.107616635614"
"422217","670","670","670","26246.858206449575","26246.858206449575","26246.858206449575"
"432217","671","671","671","52078.2947043128","52078.2947043128","52078.2947043128"
"442217","672","672","672","53547.6383852817","53547.6383852817","53547.6383852817"
"452217","673","673","673","53208.26668120533","53208.26668120533","53208.26668120533"
"462217","674","674","674","52311.18914071905","52311.18914071905","52311.18914071905"
"472217","675","675","675","53395.90366902972","53395.90366902972","53395.90366902972"
"482217","676","676","676","54654.85615335966","54654.85615335966","54654.85615335966"
"484921","677","677","677","15111.980542729312","15111.980542729312","15111.980542729312"
"494921","678","678","678","54041.766875503854","54041.766875503854","54041.766875503854"
"501237","679","679","679","34698.10381911838","34698.10381911838","34698.10381911838"
"509573","680","680","680","46820.21684034695","46820.21684034695","46820.21684034695"
"513861","681","681","681","23441.23042594983","23441.23042594983","23441.23042594983"
"518790","682","682","682","26921.546745926807","26921.546745926807","26921.546745926807"
"528790","683","683","683","55049.95127839064","55049.95127839064","55049.95127839064"
"532675","684","684","684","21192.117698359703","21192.117698359703","21192.117698359703"
"542675","685","685","685","55077.66813517942","55077.66813517942","55077.66813517942"
"552675","686","686","686","54471.1446824207","54471.1446824207","54471.1446824207"
"556197","687","687","687","19953.002907952272","19953.002907952272","19953.002907952272"
"562596","688","688","688","34682.13656154905","34682.13656154905","34682.13656154905"
"572596","689","689","689","53364.36153818132","53364.36153818132","53364.36153818132"
"582596","690","690","690","56536.92603279186","56536.92603279186","56536.92603279186"
"585702","691","691","691","17380.12496134435","17380.12496134435","17380.12496134435"
"595702","692","692","692","56358.244858403006","56358.244858403006","56358.244858403006"
"605702","693","693","693","56174.80928354052","56174.80928354052","56174.80928354052"
"608512","694","694","694","15859.607908807102","15859.607908807102","15859.607908807102"
"611659","695","695","695","17564.327343389297","17564.327343389297","17564.327343389297"
"613667","696","696","696","11504.922311093918","11504.922311093918","11504.922311093918"
"623199","697","697","697","53968.75982446484","53968.75982446484","53968.75982446484"
"633199","698","698","698","56847.287942939365","56847.287942939365","56847.287942939365"
"634485","699","699","699","7211.856637697652","7211.856637697652","7211.856637697652"
"639910","700","700","700","30846.688508587213","30846.688508587213","30846.688508587213"
"646161","701","701","701","34821.24373306271","34821.24373306271","34821.24373306271"
"646931","702","702","702","4666.494443037091","4666.494443037091","4666.494443037091"
"650404","703","703","703","19113.36331160567","19113.36331160567","19113.36331160567"
"657049","704","704","704","37554.40113539913","37554.40113539913","37554.40113539913"
"661207","705","705","705","23808.0168905639","23808.0168905639","23808.0168905639"
"670957","706","706","706","54756.1427259541","54756.1427259541","54756.1427259541"
"676844","707","707","707","34274.747550837885","34274.747550837885","34274.747550837885"
"686844","708","708","708","56328.68454328481","56328.68454328481","56328.68454328481"
"695387","709","709","709","48791.797976550035","48791.797976550035","48791.797976550035"
"705387","710","710","710","57136.10652689288","57136.10652689288","57136.10652689288"
"715387","711","711","711","58183.8958318473","58183.8958318473","58183.8958318473"
"720539","712","712","712","30161.580151673537","30161.580151673537","30161.580151673537"
"723434","713","713","713","16917.897984612908","16917.897984612908","16917.897984612908"
"726795","714","714","714","19287.291144914416","19287.291144914416","19287.291144914416"
"728922","715","715","715","12019.27981746488","12019.27981746488","12019.27981746488"
"729863","716","716","716","5315.846466603072","5315.846466603072","5315.846466603072"
"733140","717","717","717","18384.931586533523","18384.931586533523","18384.931586533523"
"743140","718","718","718","57104.776572357005","57104.776572357005","57104.776572357005"
"748681","719","719","719","31012.809588072323","31012.809588072323","31012.809588072323"
"753833","720","720","720","30448.44378916871","30448.44378916871","30448.44378916871"
"763833","721","721","721","57873.53363470352","57873.53363470352","57873.53363470352"
"773833","722","722","722","57477.443006796995","57477.443006796995","57477.443006796995"
"783833","723","723","723","58998.592604567406","58998.592604567406","58998.592604567406"
"793833","724","724","724","58054.82996287612","58054.82996287612","58054.82996287612"
"803833","725","725","725","58631.50337898209","58631.50337898209","58631.50337898209"
"813833","726","726","726","58491.64662667519","58491.64662667519","58491.64662667519"
"823833","727","727","727","57449.29816874729","57449.29816874729","57449.29816874729"
"833833","728","728","728","57343.88959876513","57343.88959876513","57343.88959876513"
"843833","729","729","729","57602.912288632695","57602.912288632695","57602.912288632695"
"853833","730","730","730","57839.17596626284","57839.17596626284","57839.17596626284"
"859315","731","731","731","30800.220472403784","30800.220472403784","30800.220472403784"
"869315","732","732","732","57814.909364648316","57814.909364648316","57814.909364648316"
"871595","733","733","733","13117.575031053533","13117.575031053533","13117.575031053533"
"881595","734","734","734","57538.56250036223","57538.56250036223","57538.56250036223"
"891435","735","735","735","56132.81850109588","56132.81850109588","56132.81850109588"
"901435","736","736","736","56892.821853530564","56892.821853530564","56892.821853530564"
"911435","737","737","737","56262.54180981494","56262.54180981494","56262.54180981494"
"919109","738","738","738","43173.50813998007","43173.50813998007","43173.50813998007"
"929109","739","739","739","56271.32208828557","56271.32208828557","56271.32208828557"
"939109","740","740","740","56163.503223837375","56163.503223837375","56163.503223837375"
"949109","741","741","741","56160.15646795469","56160.15646795469","56160.15646795469"
"959109","742","742","742","54887.85420981369","54887.85420981369","54887.85420981369"
"969109","743","743","743","55548.178997543124","55548.178997543124","55548.178997543124"
"979109","744","744","744","55351.55958050727","55351.55958050727","55351.55958050727"
"989109","745","745","745","55259.99710300305","55259.99710300305","55259.99710300305"
"999109","746","746","746","56168.19859873044","56168.19859873044","56168.19859873044"
"1009109","747","747","747","56882.72471864213","56882.72471864213","56882.72471864213"
"1019109","748","748","748","56996.105670214936","56996.105670214936","56996.105670214936"
"1029109","749","749","749","57015.40205968618","57015.40205968618","57015.40205968618"
"1039109","750","750","750","57761.278100074116","57761.278100074116","57761.278100074116"
"1049109","751","751","751","56511.04523378785","56511.04523378785","56511.04523378785"
"1059109","752","752","752","57374.52928164152","57374.52928164152","57374.52928164152"
"1069109","753","753","753","57259.51412399658","57259.51412399658","57259.51412399658"
"1079109","754","754","754","58529.34858530113","58529.34858530113","58529.34858530113"
"1089109","755","755","755","57579.266791762515","57579.266791762515","57579.266791762515"
"1099109","756","756","756","58089.58311458114","58089.58311458114","58089.58311458114"
"1109109","757","757","757","58132.89167737552","58132.89167737552","58132.89167737552"
"1119109","758","758","758","58622.65329626371","58622.65329626371","58622.65329626371"
"1129109","759","759","759","57976.507275261734","57976.507275261734","57976.507275261734"
"1139109","760","760","760","58497.09090946946","58497.09090946946","58497.09090946946"
"1149109","761","761","761","58917.29553751764","58917.29553751764","58917.29553751764"
"1159109","762","762","762","58590.216691082846","58590.216691082846","58590.216691082846"
"1169109","763","763","763","58155.51065835042","58155.51065835042","58155.51065835042"
"1179109","764","764","764","57714.8058423271","57714.8058423271","57714.8058423271"
"1189109","765","765","765","58975.826861781075","58975.826861781075","58975.826861781075"
"1199109","766","766","766","59625.871240293236","59625.871240293236","59625.871240293236"
"1209109","767","767","767","58977.520559483244","58977.520559483244","58977.520559483244"
"1219109","768","768","768","59893.00613282462","59893.00613282462","59893.00613282462"
"1229109","769","769","769","59329.41532068927","59329.41532068927","59329.41532068927"
"1239109","770","770","770","60349.10621147687","60349.10621147687","60349.10621147687"
"1249109","771","771","771","59653.17310459752","59653.17310459752","59653.17310459752"
"1259109","772","772","772","60978.113608237516","60978.113608237516","60978.113608237516"
"1269109","773","773","773","59379.96325536361","59379.96325536361","59379.96325536361"
"1279109","774","774","774","61106.399972311294","61106.399972311294","61106.399972311294"
"1289109","775","775","775","60292.32340490085","60292.32340490085","60292.32340490085"
"1290595","776","776","776","8626.950433816273","8626.950433816273","8626.950433816273"
"1300595","777","777","777","60740.36477042536","60740.36477042536","60740.36477042536"
"1303874","778","778","778","19452.76211263416","19452.76211263416","19452.76211263416"
"1313874","779","779","779","59128.6688375366","59128.6688375366","59128.6688375366"
"1323874","780","780","780","61665.41358492795","61665.41358492795","61665.41358492795"
"1333874","781","781","781","60710.0377271099","60710.0377271099","60710.0377271099"
"1343874","782","782","782","60804.170830062634","60804.170830062634","60804.170830062634"
"1351945","783","783","783","48204.237055993755","48204.237055993755","48204.237055993755"
"1361945","784","784","784","60396.59739270675","60396.59739270675","60396.59739270675"
"1371945","785","785","785","60471.14887008406","60471.14887008406","60471.14887008406"
"1378041","786","786","786","36446.18071458712","36446.18071458712","36446.18071458712"
"1378191","787","787","787","282.48076020182924","282.48076020182924","282.48076020182924"
"1381216","788","788","788","17588.504915012985","17588.504915012985","17588.504915012985"
"1391216","789","789","789","59398.84273422122","59398.84273422122","59398.84273422122"
"1401216","790","790","790","61504.70715630237","61504.70715630237","61504.70715630237"
"1410681","791","791","791","56598.3921087296","56598.3921087296","56598.3921087296"
"1420681","792","792","792","59440.29787811583","59440.29787811583","59440.29787811583"
"1430681","793","793","793","59593.4975478074","59593.4975478074","59593.4975478074"
"1438422","794","794","794","45094.839856757266","45094.839856757266","45094.839856757266"
"1448422","795","795","795","40941.57779133323","40941.57779133323","40941.57779133323"
"1458422","796","796","796","59885.135410945644","59885.135410945644","59885.135410945644"
"1468422","797","797","797","58489.32956669245","58489.32956669245","58489.32956669245"
"1477949","798","798","798","57090.16798967876","57090.16798967876","57090.16798967876"
"1487949","799","799","799","59802.71584101877","59802.71584101877","59802.71584101877"
"1497949","800","800","800","60570.04398795683","60570.04398795683","60570.04398795683"
"1507949","801","801","801","60798.47686704399","60798.47686704399","60798.47686704399"
"1517335","802","802","802","55991.10279039945","55991.10279039945","55991.10279039945"
"1527335","803","803","803","60387.12282376221","60387.12282376221","60387.12282376221"
"1537335","804","804","804","59888.269238622386","59888.269238622386","59888.269238622386"
"1543658","805","805","805","38106.22111515979","38106.22111515979","38106.22111515979"
"1553658","806","806","806","59989.05185775393","59989.05185775393","59989.05185775393"
"1563658","807","807","807","60272.50940110585","60272.50940110585","60272.50940110585"
"1573658","808","808","808","60403.88553150023","60403.88553150023","60403.88553150023"
"1583658","809","809","809","59614.43461995818","59614.43461995818","59614.43461995818"
"1586481","810","810","810","16296.793535856643","16296.793535856643","16296.793535856643"
"1594859","811","811","811","49937.31042307872","49937.31042307872","49937.31042307872"
"1604859","812","812","812","60814.92085097082","60814.92085097082","60814.92085097082"
"1614859","813","813","813","60607.294295669686","60607.294295669686","60607.294295669686"
"1624859","814","814","814","60150.68942295466","60150.68942295466","60150.68942295466"
"1634859","815","815","815","59086.06469919604","59086.06469919604","59086.06469919604"
"1644859","816","816","816","60277.974597351356","60277.974597351356","60277.974597351356"
"1654859","817","817","817","60357.71625268484","60357.71625268484","60357.71625268484"
"1664859","818","818","818","59824.16812011359","59824.16812011359","59824.16812011359"
"1674859","819","819","819","58920.99333154667","58920.99333154667","58920.99333154667"
"1684859","820","820","820","60290.31417732429","60290.31417732429","60290.31417732429"
"1686376","821","821","821","8776.88643154166","8776.88643154166","8776.88643154166"
"1696376","822","822","822","60254.426967431056","60254.426967431056","60254.426967431056"
"1706376","823","823","823","59808.42914702211","59808.42914702211","59808.42914702211"
"1716376","824","824","824","59491.8349903877","59491.8349903877","59491.8349903877"
"1721915","825","825","825","31172.517789698893","31172.517789698893","31172.517789698893"
"1731915","826","826","826","59735.89886747454","59735.89886747454","59735.89886747454"
"1741915","827","827","827","59913.42403365423","59913.42403365423","59913.42403365423"
"1751915","828","828","828","59689.863007442815","59689.863007442815","59689.863007442815"
"1761915","829","829","829","58773.38018230267","58773.38018230267","58773.38018230267"
"1771915","830","830","830","59057.8587898421","59057.8587898421","59057.8587898421"
"1781915","831","831","831","59810.80158172593","59810.80158172593","59810.80158172593"
"1791915","832","832","832","58735.33154549211","58735.33154549211","58735.33154549211"
"1801915","833","833","833","59171.84972560623","59171.84972560623","59171.84972560623"
"1811915","834","834","834","59726.145277194955","59726.145277194955","59726.145277194955"
"1821915","835","835","835","58748.37905875461","58748.37905875461","58748.37905875461"
"1831915","836","836","836","59340.08373681489","59340.08373681489","59340.08373681489"
"1841915","837","837","837","59406.62259848504","59406.62259848504","59406.62259848504"
"1851915","838","838","838","59035.348889951885","59035.348889951885","59035.348889951885"
"1861915","839","839","839","58879.23264536591","58879.23264536591","58879.23264536591"
"1865635","840","840","840","20820.522454286554","20820.522454286554","20820.522454286554"
"1868873","841","841","841","18983.965713024427","18983.965713024427","18983.965713024427"
"1878873","842","842","842","60600.19399805514","60600.19399805514","60600.19399805514"
"1888873","843","843","843","60700.63663492845","60700.63663492845","60700.63663492845"
"1898873","844","844","844","60546.680753892935","60546.680753892935","60546.680753892935"
"1908873","845","845","845","61322.22441666811","61322.22441666811","61322.22441666811"
"1914667","846","846","846","34729.47357478291","34729.47357478291","34729.47357478291"
"1924667","847","847","847","59993.42897956397","59993.42897956397","59993.42897956397"
"1934667","848","848","848","59411.98242898454","59411.98242898454","59411.98242898454"
"1944667","849","849","849","59072.71631377671","59072.71631377671","59072.71631377671"
"1954667","850","850","850","60726.36203651754","60726.36203651754","60726.36203651754"
"1964667","851","851","851","61542.483509131365","61542.483509131365","61542.483509131365"
"1974667","852","852","852","61007.0038538279","61007.0038538279","61007.0038538279"
"1984667","853","853","853","59884.958242081266","59884.958242081266","59884.958242081266"
"1994667","854","854","854","61837.247830703585","61837.247830703585","61837.247830703585"
"2004667","855","855","855","61364.22502660742","61364.22502660742","61364.22502660742"
"2014667","856","856","856","58951.65432867884","58951.65432867884","58951.65432867884"
"2024667","857","857","857","58764.497776006065","58764.497776006065","58764.497776006065"
"2034667","858","858","858","59781.12669943239","59781.12669943239","59781.12669943239"
"2044667","859","859","859","59692.90480128177","59692.90480128177","59692.90480128177"
"2054667","860","860","860","61161.55132335741","61161.55132335741","61161.55132335741"
"2064667","861","861","861","59517.98172684115","59517.98172684115","59517.98172684115"
"2074667","862","862","862","60754.99786758429","60754.99786758429","60754.99786758429"
"2084667","863","863","863","60623.452665105746","60623.452665105746","60623.452665105746"
"2094667","864","864","864","60508.672298676065","60508.672298676065","60508.672298676065"
"2104667","865","865","865","57159.369643967795","57159.369643967795","57159.369643967795"
"2114667","866","866","866","57206.98239998393","57206.98239998393","57206.98239998393"
"2124667","867","867","867","57141.23493254833","57141.23493254833","57141.23493254833"
"2134667","868","868","868","58263.78286210679","58263.78286210679","58263.78286210679"
"2144667","869","869","869","57593.29147725027","57593.29147725027","57593.29147725027"
"2154667","870","870","870","57397.525365010326","57397.525365010326","57397.525365010326"
"2156792","871","871","871","11475.998065523474","11475.998065523474","11475.998065523474"
"2166792","872","872","872","56660.49207591671","56660.49207591671","56660.49207591671"
"2176792","873","873","873","57095.1626010824","57095.1626010824","57095.1626010824"
"2186792","874","874","874","54428.116154430165","54428.116154430165","54428.116154430165"
"2196795","875","875","875","54086.14697522609","54086.14697522609","54086.14697522609"
"2206795","876","876","876","53624.7026022703","53624.7026022703","53624.7026022703"
"2216795","877","877","877","56681.049798104345","56681.049798104345","56681.049798104345"
"2226795","878","878","878","55765.65891535272","55765.65891535272","55765.65891535272"
"2231637","879","879","879","27658.976349837696","27658.976349837696","27658.976349837696"
"2241637","880","880","880","57583.909060404694","57583.909060404694","57583.909060404694"
"2251637","881","881","881","58312.61537444475","58312.61537444475","58312.61537444475"
"2261637","882","882","882","58342.48866069221","58342.48866069221","58342.48866069221"
"2271637","883","883","883","58227.39712523859","58227.39712523859","58227.39712523859"
"2281637","884","884","884","58558.11774776659","58558.11774776659","58558.11774776659"
"2291637","885","885","885","59187.04978369782","59187.04978369782","59187.04978369782"
"2301637","886","886","886","60908.07498130928","60908.07498130928","60908.07498130928"
"2311637","887","887","887","60214.523979719044","60214.523979719044","60214.523979719044"
"2321637","888","888","888","58970.205917666186","58970.205917666186","58970.205917666186"
"2331637","889","889","889","59770.67916749991","59770.67916749991","59770.67916749991"
"2341637","890","890","890","60252.806799988786","60252.806799988786","60252.806799988786"
"2351637","891","891","891","61222.87208590587","61222.87208590587","61222.87208590587"
"2361637","892","892","892","61149.1880290832","61149.1880290832","61149.1880290832"
"2371637","893","893","893","59184.26995279562","59184.26995279562","59184.26995279562"
"2381511","894","894","894","58130.75647270116","58130.75647270116","58130.75647270116"
"2391511","895","895","895","59190.91609667948","59190.91609667948","59190.91609667948"
"2401511","896","896","896","61510.48846690683","61510.48846690683","61510.48846690683"
"2411511","897","897","897","61923.04792377459","61923.04792377459","61923.04792377459"
"2421511","898","898","898","61376.38837714499","61376.38837714499","61376.38837714499"
"2431511","899","899","899","59952.32945141429","59952.32945141429","59952.32945141429"
"2441514","900","900","900","61808.91905247704","61808.91905247704","61808.91905247704"
"2451514","901","901","901","62534.035806944994","62534.035806944994","62534.035806944994"
"2461514","902","902","902","62261.16398736323","62261.16398736323","62261.16398736323"
"2471514","903","903","903","62914.04003550861","62914.04003550861","62914.04003550861"
"2474524","904","904","904","18286.831409445225","18286.831409445225","18286.831409445225"
"2481332","905","905","905","40967.16527116457","40967.16527116457","40967.16527116457"
"2481563","906","906","906","861.1411084489778","861.1411084489778","861.1411084489778"
"2491563","907","907","907","62527.972484775455","62527.972484775455","62527.972484775455"
"2500898","908","908","908","59530.815898594985","59530.815898594985","59530.815898594985"
"2510898","909","909","909","64165.9054908889","64165.9054908889","64165.9054908889"
"2520898","910","910","910","50663.4377361234","50663.4377361234","50663.4377361234"
"2530898","911","911","911","64034.60358028126","64034.60358028126","64034.60358028126"
"2540898","912","912","912","64034.13641846465","64034.13641846465","64034.13641846465"
"2550898","913","913","913","62373.24078974413","62373.24078974413","62373.24078974413"
"2560898","914","914","914","62061.58547363023","62061.58547363023","62061.58547363023"
"2570898","915","915","915","64944.765629800684","64944.765629800684","64944.765629800684"
"2580898","916","916","916","64771.827999899746","64771.827999899746","64771.827999899746"
"2590898","917","917","917","62820.426513547885","62820.426513547885","62820.426513547885"
"2597528","918","918","918","42919.103123762725","42919.103123762725","42919.103123762725"
"2597758","919","919","919","470.7040309945112","470.7040309945112","470.7040309945112"
"2597840","920","920","920","195.51423075305797","195.51423075305797","195.51423075305797"
"2597917","921","921","921","187.86883361165982","187.86883361165982","187.86883361165982"
"2597994","922","922","922","185.21366399097465","185.21366399097465","185.21366399097465"
"2607994","923","923","923","65022.218595264174","65022.218595264174","65022.218595264174"
"2617994","924","924","924","63737.59148824993","63737.59148824993","63737.59148824993"
"2627997","925","925","925","62526.539059288894","62526.539059288894","62526.539059288894"
"2637997","926","926","926","61351.35639379229","61351.35639379229","61351.35639379229"
"2647997","927","927","927","63270.51133167594","63270.51133167594","63270.51133167594"
"2657997","928","928","928","65139.55163758699","65139.55163758699","65139.55163758699"
"2667997","929","929","929","66545.10714368841","66545.10714368841","66545.10714368841"
"2677997","930","930","930","66664.98000690846","66664.98000690846","66664.98000690846"
"2687997","931","931","931","64749.67385699886","64749.67385699886","64749.67385699886"
"2697997","932","932","932","58930.62186887916","58930.62186887916","58930.62186887916"
"2707997","933","933","933","63300.51277803786","63300.51277803786","63300.51277803786"
"2717997","934","934","934","64361.44969637683","64361.44969637683","64361.44969637683"
"2727997","935","935","935","62630.064196280146","62630.064196280146","62630.064196280146"
"2737997","936","936","936","60019.58842755074","60019.58842755074","60019.58842755074"
"2747997","937","937","937","62380.57531239944","62380.57531239944","62380.57531239944"
"2757997","938","938","938","60193.07746497082","60193.07746497082","60193.07746497082"
"2767997","939","939","939","60491.5360798203","60491.5360798203","60491.5360798203"
"2777997","940","940","940","58101.62336026571","58101.62336026571","58101.62336026571"
"2787997","941","941","941","59653.575250927024","59653.575250927024","59653.575250927024"
"2797997","942","942","942","60625.955247940736","60625.955247940736","60625.955247940736"
"2807997","943","943","943","61723.33912835909","61723.33912835909","61723.33912835909"
"2817997","944","944","944","61175.41319671004","61175.41319671004","61175.41319671004"
"2827997","945","945","945","64161.51913319755","64161.51913319755","64161.51913319755"
"2837997","946","946","946","64594.689723237054","64594.689723237054","64594.689723237054"
"2847997","947","947","947","59878.66897672035","59878.66897672035","59878.66897672035"
"2857997","948","948","948","60908.47199723056","60908.47199723056","60908.47199723056"
"2867997","949","949","949","61254.308588569664","61254.308588569664","61254.308588569664"
"2878000","950","950","950","61496.72592231061","61496.72592231061","61496.72592231061"
"2888000","951","951","951","60551.5134262832","60551.5134262832","60551.5134262832"
"2898000","952","952","952","58861.65694433424","58861.65694433424","58861.65694433424"
"2908000","953","953","953","61393.10321447405","61393.10321447405","61393.10321447405"
"2918000","954","954","954","59601.79757698016","59601.79757698016","59601.79757698016"
"2928000","955","955","955","59155.44083719252","59155.44083719252","59155.44083719252"
"2938000","956","956","956","59774.45237297008","59774.45237297008","59774.45237297008"
"2948000","957","957","957","59459.241542515796","59459.241542515796","59459.241542515796"
"2958000","958","958","958","62213.07640973885","62213.07640973885","62213.07640973885"
"2968000","959","959","959","61546.34256927321","61546.34256927321","61546.34256927321"
"2978000","960","960","960","61168.44618006588","61168.44618006588","61168.44618006588"
"2988000","961","961","961","58746.70174481192","58746.70174481192","58746.70174481192"
"2998000","962","962","962","60306.64139801906","60306.64139801906","60306.64139801906"
"3008000","963","963","963","59357.27652977644","59357.27652977644","59357.27652977644"
"3018000","964","964","964","61013.60456999593","61013.60456999593","61013.60456999593"
"3028000","965","965","965","59159.15064214534","59159.15064214534","59159.15064214534"
"3038000","966","966","966","63238.93569213341","63238.93569213341","63238.93569213341"
"3048000","967","967","967","61905.57234889236","61905.57234889236","61905.57234889236"
"3058000","968","968","968","64499.21619082896","64499.21619082896","64499.21619082896"
"3068000","969","969","969","65375.56987654728","65375.56987654728","65375.56987654728"
"3078000","970","970","970","60750.449618927385","60750.449618927385","60750.449618927385"
"3088000","971","971","971","62770.915554413055","62770.915554413055","62770.915554413055"
"3098000","972","972","972","62337.91462997654","62337.91462997654","62337.91462997654"
"3108000","973","973","973","63182.4015614873","63182.4015614873","63182.4015614873"
"3118000","974","974","974","64874.10934829096","64874.10934829096","64874.10934829096"
"3128003","975","975","975","65199.258261585645","65199.258261585645","65199.258261585645"
"3138003","976","976","976","63335.68107178281","63335.68107178281","63335.68107178281"
"3148003","977","977","977","62919.18273784627","62919.18273784627","62919.18273784627"
"3158003","978","978","978","65012.26497835473","65012.26497835473","65012.26497835473"
"3168003","979","979","979","64386.96025631357","64386.96025631357","64386.96025631357"
"3178003","980","980","980","64055.94199026781","64055.94199026781","64055.94199026781"
"3188003","981","981","981","64806.65606026951","64806.65606026951","64806.65606026951"
"3198003","982","982","982","63945.50339607491","63945.50339607491","63945.50339607491"
"3208003","983","983","983","65051.81081623964","65051.81081623964","65051.81081623964"
"3218003","984","984","984","62915.32481442648","62915.32481442648","62915.32481442648"
"3228003","985","985","985","65181.54203158174","65181.54203158174","65181.54203158174"
"3238003","986","986","986","64304.92704636174","64304.92704636174","64304.92704636174"
"3248003","987","987","987","65463.349550765095","65463.349550765095","65463.349550765095"
"3258003","988","988","988","68789.75222330916","68789.75222330916","68789.75222330916"
"3268003","989","989","989","67771.76698588884","67771.76698588884","67771.76698588884"