"step_idx","9_Pendulum_Matlab_Double_RIP_v0_AgentTD3_DeterministicContinuousActorCriticModel_imac - _step","9_Pendulum_Matlab_Double_RIP_v0_AgentTD3_DeterministicContinuousActorCriticModel_imac - _step__MIN","9_Pendulum_Matlab_Double_RIP_v0_AgentTD3_DeterministicContinuousActorCriticModel_imac - _step__MAX","9_Pendulum_Matlab_Double_RIP_v0_AgentTD3_DeterministicContinuousActorCriticModel_imac - train mean (50 episode rewards)","9_Pendulum_Matlab_Double_RIP_v0_AgentTD3_DeterministicContinuousActorCriticModel_imac - train mean (50 episode rewards)__MIN","9_Pendulum_Matlab_Double_RIP_v0_AgentTD3_DeterministicContinuousActorCriticModel_imac - train mean (50 episode rewards)__MAX"
"405","0","0","0","673.4257774663691","673.4257774663691","673.4257774663691"
"2919","1","1","1","3649.788103501483","3649.788103501483","3649.788103501483"
"3002","2","2","2","2511.849738613382","2511.849738613382","2511.849738613382"
"3316","3","3","3","2090.1058291151567","2090.1058291151567","2090.1058291151567"
"3406","4","4","4","1733.567652662149","1733.567652662149","1733.567652662149"
"3480","5","5","5","1470.6449942856973","1470.6449942856973","1470.6449942856973"
"3548","6","6","6","1284.678979591777","1284.678979591777","1284.678979591777"
"3611","7","7","7","1144.491979353437","1144.491979353437","1144.491979353437"
"3679","8","8","8","1034.5662112627094","1034.5662112627094","1034.5662112627094"
"3989","9","9","9","1025.5460091101672","1025.5460091101672","1025.5460091101672"
"4105","10","10","10","966.1333833070432","966.1333833070432","966.1333833070432"
"4322","11","11","11","937.2738322695544","937.2738322695544","937.2738322695544"
"4400","12","12","12","884.6377302764342","884.6377302764342","884.6377302764342"
"4463","13","13","13","831.674067123942","831.674067123942","831.674067123942"
"4518","14","14","14","787.2882126550634","787.2882126550634","787.2882126550634"
"4573","15","15","15","745.9139510254781","745.9139510254781","745.9139510254781"
"4627","16","16","16","711.1524010083491","711.1524010083491","711.1524010083491"
"4682","17","17","17","678.6240455200402","678.6240455200402","678.6240455200402"
"4737","18","18","18","650.6920842476669","650.6920842476669","650.6920842476669"
"4834","19","19","19","629.3199686817205","629.3199686817205","629.3199686817205"
"4897","20","20","20","606.7921697972686","606.7921697972686","606.7921697972686"
"4959","21","21","21","586.429224548698","586.429224548698","586.429224548698"
"5018","22","22","22","567.2927682063959","567.2927682063959","567.2927682063959"
"5078","23","23","23","549.9012820085841","549.9012820085841","549.9012820085841"
"5137","24","24","24","533.7683780258037","533.7683780258037","533.7683780258037"
"5188","25","25","25","518.2509723521838","518.2509723521838","518.2509723521838"
"5245","26","26","26","504.33687405588574","504.33687405588574","504.33687405588574"
"5308","27","27","27","492.0745472188028","492.0745472188028","492.0745472188028"
"5363","28","28","28","479.95716347328965","479.95716347328965","479.95716347328965"
"5465","29","29","29","471.7838866066479","471.7838866066479","471.7838866066479"
"5541","30","30","30","462.72587839718915","462.72587839718915","462.72587839718915"
"5607","31","31","31","453.2174998930805","453.2174998930805","453.2174998930805"
"5666","32","32","32","444.12574608771797","444.12574608771797","444.12574608771797"
"5720","33","33","33","434.87291681447226","434.87291681447226","434.87291681447226"
"5773","34","34","34","426.42386500688883","426.42386500688883","426.42386500688883"
"5832","35","35","35","418.45654693477934","418.45654693477934","418.45654693477934"
"5890","36","36","36","411.3764762036819","411.3764762036819","411.3764762036819"
"5946","37","37","37","404.06302890409125","404.06302890409125","404.06302890409125"
"5999","38","38","38","397.2623973271175","397.2623973271175","397.2623973271175"
"6109","39","39","39","392.6678199097231","392.6678199097231","392.6678199097231"
"6179","40","40","40","388.1841945830871","388.1841945830871","388.1841945830871"
"6238","41","41","41","382.0017896440889","382.0017896440889","382.0017896440889"
"6302","42","42","42","377.27745217133105","377.27745217133105","377.27745217133105"
"6356","43","43","43","371.5007932618416","371.5007932618416","371.5007932618416"
"6416","44","44","44","366.80956475373716","366.80956475373716","366.80956475373716"
"6468","45","45","45","361.48497792459074","361.48497792459074","361.48497792459074"
"6520","46","46","46","356.75228786858025","356.75228786858025","356.75228786858025"
"6574","47","47","47","352.01347819046833","352.01347819046833","352.01347819046833"
"6634","48","48","48","348.01700501405423","348.01700501405423","348.01700501405423"
"6717","49","49","49","344.9065976237822","344.9065976237822","344.9065976237822"
"6773","50","50","50","334.27841263847125","334.27841263847125","334.27841263847125"
"6824","51","51","51","204.28173017148288","204.28173017148288","204.28173017148288"
"6873","52","52","52","202.1675868187628","202.1675868187628","202.1675868187628"
"6922","53","53","53","188.12946719005092","188.12946719005092","188.12946719005092"
"6975","54","54","54","184.7840563779455","184.7840563779455","184.7840563779455"
"7032","55","55","55","184.38841391043673","184.38841391043673","184.38841391043673"
"7089","56","56","56","184.02274078081896","184.02274078081896","184.02274078081896"
"7148","57","57","57","183.5061768406406","183.5061768406406","183.5061768406406"
"7210","58","58","58","183.7638892021096","183.7638892021096","183.7638892021096"
"7303","59","59","59","169.23196180761693","169.23196180761693","169.23196180761693"
"7370","60","60","60","165.58341032580097","165.58341032580097","165.58341032580097"
"7428","61","61","61","156.17536676077646","156.17536676077646","156.17536676077646"
"7486","62","62","62","154.5819747661329","154.5819747661329","154.5819747661329"
"7540","63","63","63","154.37562507733654","154.37562507733654","154.37562507733654"
"7602","64","64","64","154.65944885929446","154.65944885929446","154.65944885929446"
"7663","65","65","65","155.06167816076197","155.06167816076197","155.06167816076197"
"7725","66","66","66","155.54310808671596","155.54310808671596","155.54310808671596"
"7779","67","67","67","155.3994380722938","155.3994380722938","155.3994380722938"
"7835","68","68","68","155.6110973753114","155.6110973753114","155.6110973753114"
"7927","69","69","69","155.5695866453933","155.5695866453933","155.5695866453933"
"7987","70","70","70","155.34934786385858","155.34934786385858","155.34934786385858"
"8049","71","71","71","155.38285052483567","155.38285052483567","155.38285052483567"
"8106","72","72","72","155.21404377098725","155.21404377098725","155.21404377098725"
"8167","73","73","73","155.44405269032765","155.44405269032765","155.44405269032765"
"8219","74","74","74","154.98624093502394","154.98624093502394","154.98624093502394"
"8272","75","75","75","155.17784423242395","155.17784423242395","155.17784423242395"
"8325","76","76","76","154.90653581763752","154.90653581763752","154.90653581763752"
"8381","77","77","77","154.60868990278934","154.60868990278934","154.60868990278934"
"8437","78","78","78","154.4469630560815","154.4469630560815","154.4469630560815"
"8534","79","79","79","153.89219607929027","153.89219607929027","153.89219607929027"
"8592","80","80","80","153.09845092338756","153.09845092338756","153.09845092338756"
"8645","81","81","81","152.5743269955903","152.5743269955903","152.5743269955903"
"8701","82","82","82","152.41353693545824","152.41353693545824","152.41353693545824"
"8751","83","83","83","152.25609014178318","152.25609014178318","152.25609014178318"
"8801","84","84","84","152.05532460380985","152.05532460380985","152.05532460380985"
"8850","85","85","85","151.57319450186748","151.57319450186748","151.57319450186748"
"8898","86","86","86","150.9968697018138","150.9968697018138","150.9968697018138"
"8953","87","87","87","150.98939525951155","150.98939525951155","150.98939525951155"
"9012","88","88","88","151.32674469961796","151.32674469961796","151.32674469961796"
"9112","89","89","89","151.64999972822343","151.64999972822343","151.64999972822343"
"9187","90","90","90","151.03736346188185","151.03736346188185","151.03736346188185"
"9250","91","91","91","151.83506051344864","151.83506051344864","151.83506051344864"
"9305","92","92","92","150.89840413941562","150.89840413941562","150.89840413941562"
"9360","93","93","93","151.29285017945165","151.29285017945165","151.29285017945165"
"9419","94","94","94","150.89172803674902","150.89172803674902","150.89172803674902"
"9473","95","95","95","151.23163652822882","151.23163652822882","151.23163652822882"
"9533","96","96","96","151.43398535284024","151.43398535284024","151.43398535284024"
"9592","97","97","97","151.82816700400244","151.82816700400244","151.82816700400244"
"9657","98","98","98","151.9680967832621","151.9680967832621","151.9680967832621"
"9754","99","99","99","152.54018656196916","152.54018656196916","152.54018656196916"
"9815","100","100","100","152.69252451250964","152.69252451250964","152.69252451250964"
"9868","101","101","101","153.0441899073475","153.0441899073475","153.0441899073475"
"9923","102","102","102","153.14581921630793","153.14581921630793","153.14581921630793"
"9974","103","103","103","153.38221098725998","153.38221098725998","153.38221098725998"
"10034","104","104","104","153.4566703172213","153.4566703172213","153.4566703172213"
"10094","105","105","105","153.5595733392299","153.5595733392299","153.5595733392299"
"10158","106","106","106","154.09700253070753","154.09700253070753","154.09700253070753"
"10215","107","107","107","154.09141955550714","154.09141955550714","154.09141955550714"
"10268","108","108","108","153.55164059768455","153.55164059768455","153.55164059768455"
"10359","109","109","109","153.39671822783882","153.39671822783882","153.39671822783882"
"10423","110","110","110","152.57144455758308","152.57144455758308","152.57144455758308"
"10479","111","111","111","152.33983224666898","152.33983224666898","152.33983224666898"
"10534","112","112","112","151.78659867065545","151.78659867065545","151.78659867065545"
"10592","113","113","113","151.81129397137502","151.81129397137502","151.81129397137502"
"10647","114","114","114","151.16731923221153","151.16731923221153","151.16731923221153"
"10699","115","115","115","150.78253163081538","150.78253163081538","150.78253163081538"
"10750","116","116","116","149.93812545220027","149.93812545220027","149.93812545220027"
"10807","117","117","117","150.19876627428962","150.19876627428962","150.19876627428962"
"10865","118","118","118","150.29711220933677","150.29711220933677","150.29711220933677"
"10955","119","119","119","149.96362531427408","149.96362531427408","149.96362531427408"
"11018","120","120","120","150.1546708518323","150.1546708518323","150.1546708518323"
"11083","121","121","121","150.1256716343911","150.1256716343911","150.1256716343911"
"11143","122","122","122","150.45684679076285","150.45684679076285","150.45684679076285"
"11201","123","123","123","150.00061832763402","150.00061832763402","150.00061832763402"
"11256","124","124","124","150.38225890053403","150.38225890053403","150.38225890053403"
"11308","125","125","125","150.09491371197865","150.09491371197865","150.09491371197865"
"11362","126","126","126","150.32872003797925","150.32872003797925","150.32872003797925"
"11421","127","127","127","150.29012432643395","150.29012432643395","150.29012432643395"
"11477","128","128","128","150.52893283285118","150.52893283285118","150.52893283285118"
"11571","129","129","129","150.97312808607006","150.97312808607006","150.97312808607006"
"11638","130","130","130","151.48183766919817","151.48183766919817","151.48183766919817"
"11695","131","131","131","151.5011971358125","151.5011971358125","151.5011971358125"
"11750","132","132","132","151.63844841688305","151.63844841688305","151.63844841688305"
"11802","133","133","133","151.54731319860528","151.54731319860528","151.54731319860528"
"11853","134","134","134","151.86120719752972","151.86120719752972","151.86120719752972"
"11909","135","135","135","152.07620467313245","152.07620467313245","152.07620467313245"
"11968","136","136","136","152.9302323738337","152.9302323738337","152.9302323738337"
"12019","137","137","137","152.52841770875423","152.52841770875423","152.52841770875423"
"12078","138","138","138","152.71513720100782","152.71513720100782","152.71513720100782"
"12182","139","139","139","152.36541976547275","152.36541976547275","152.36541976547275"
"12245","140","140","140","151.97256109533518","151.97256109533518","151.97256109533518"
"12301","141","141","141","151.55735337664507","151.55735337664507","151.55735337664507"
"12353","142","142","142","151.44680069168737","151.44680069168737","151.44680069168737"
"12408","143","143","143","151.47106334146704","151.47106334146704","151.47106334146704"
"12460","144","144","144","151.19986670598135","151.19986670598135","151.19986670598135"
"12520","145","145","145","151.515122152672","151.515122152672","151.515122152672"
"12580","146","146","146","151.50553817784672","151.50553817784672","151.50553817784672"
"12638","147","147","147","151.43394414860384","151.43394414860384","151.43394414860384"
"12691","148","148","148","150.78270332677582","150.78270332677582","150.78270332677582"
"12784","149","149","149","150.8222835084732","150.8222835084732","150.8222835084732"
"12856","150","150","150","151.0748135725127","151.0748135725127","151.0748135725127"
"12915","151","151","151","151.12702211771034","151.12702211771034","151.12702211771034"
"12969","152","152","152","151.27129615669256","151.27129615669256","151.27129615669256"
"13022","153","153","153","151.1165807517731","151.1165807517731","151.1165807517731"
"13086","154","154","154","151.70993340259182","151.70993340259182","151.70993340259182"
"13148","155","155","155","151.7630640318548","151.7630640318548","151.7630640318548"
"13208","156","156","156","151.37021362458546","151.37021362458546","151.37021362458546"
"13265","157","157","157","151.41280412132699","151.41280412132699","151.41280412132699"
"13323","158","158","158","151.5977210921868","151.5977210921868","151.5977210921868"
"13420","159","159","159","151.94017362753956","151.94017362753956","151.94017362753956"
"13480","160","160","160","151.78629992686743","151.78629992686743","151.78629992686743"
"13534","161","161","161","151.96665918614852","151.96665918614852","151.96665918614852"
"13611","162","162","162","152.21242635770662","152.21242635770662","152.21242635770662"
"14190","163","163","163","182.36644720610883","182.36644720610883","182.36644720610883"
"14498","164","164","164","197.1140976568686","197.1140976568686","197.1140976568686"
"14664","165","165","165","200.7539925204658","200.7539925204658","200.7539925204658"
"16785","166","166","166","328.5126592385261","328.5126592385261","328.5126592385261"
"17179","167","167","167","350.0418006158782","350.0418006158782","350.0418006158782"
"17946","168","168","168","394.9131284216658","394.9131284216658","394.9131284216658"
"18493","169","169","169","421.86626645355966","421.86626645355966","421.86626645355966"
"18941","170","170","170","446.1535066664948","446.1535066664948","446.1535066664948"
"19914","171","171","171","501.97249559840105","501.97249559840105","501.97249559840105"
"20128","172","172","172","514.3682641476527","514.3682641476527","514.3682641476527"
"20384","173","173","173","528.3402624037251","528.3402624037251","528.3402624037251"
"20476","174","174","174","531.3624006825947","531.3624006825947","531.3624006825947"
"20568","175","175","175","533.1726115475475","533.1726115475475","533.1726115475475"
"20669","176","176","176","536.1030877733261","536.1030877733261","536.1030877733261"
"20744","177","177","177","536.7270997801647","536.7270997801647","536.7270997801647"
"20822","178","178","178","537.7332136147311","537.7332136147311","537.7332136147311"
"20991","179","179","179","542.26751410285","542.26751410285","542.26751410285"
"21082","180","180","180","543.5071985173264","543.5071985173264","543.5071985173264"
"21273","181","181","181","551.7820688174857","551.7820688174857","551.7820688174857"
"21666","182","182","182","571.7441235251067","571.7441235251067","571.7441235251067"
"21772","183","183","183","575.776068194537","575.776068194537","575.776068194537"
"21863","184","184","184","577.8760035333454","577.8760035333454","577.8760035333454"
"21930","185","185","185","578.0449491185714","578.0449491185714","578.0449491185714"
"22003","186","186","186","578.6545666745195","578.6545666745195","578.6545666745195"
"22072","187","187","187","579.7327608766784","579.7327608766784","579.7327608766784"
"22140","188","188","188","579.7007901955874","579.7007901955874","579.7007901955874"
"22477","189","189","189","596.4988482572102","596.4988482572102","596.4988482572102"
"22537","190","190","190","596.0594430626744","596.0594430626744","596.0594430626744"
"22597","191","191","191","596.3639105962316","596.3639105962316","596.3639105962316"
"22649","192","192","192","596.2358185592191","596.2358185592191","596.2358185592191"
"22704","193","193","193","596.3408337557654","596.3408337557654","596.3408337557654"
"22757","194","194","194","596.3138767148696","596.3138767148696","596.3138767148696"
"22809","195","195","195","596.014753049255","596.014753049255","596.014753049255"
"22866","196","196","196","595.7264661486332","595.7264661486332","595.7264661486332"
"22922","197","197","197","595.8358470495954","595.8358470495954","595.8358470495954"
"22979","198","198","198","595.9340670094646","595.9340670094646","595.9340670094646"
"23151","199","199","199","599.897345187566","599.897345187566","599.897345187566"
"23295","200","200","200","605.6285102400818","605.6285102400818","605.6285102400818"
"23361","201","201","201","605.6041874277811","605.6041874277811","605.6041874277811"
"23431","202","202","202","606.5567694171411","606.5567694171411","606.5567694171411"
"23495","203","203","203","607.3866174129947","607.3866174129947","607.3866174129947"
"23552","204","204","204","606.5613604238969","606.5613604238969","606.5613604238969"
"23605","205","205","205","606.4711885144658","606.4711885144658","606.4711885144658"
"23658","206","206","206","605.7956105101794","605.7956105101794","605.7956105101794"
"23713","207","207","207","606.0410307767808","606.0410307767808","606.0410307767808"
"23773","208","208","208","605.7889570424051","605.7889570424051","605.7889570424051"
"24228","209","209","209","624.2427617764386","624.2427617764386","624.2427617764386"
"24403","210","210","210","629.3479995256307","629.3479995256307","629.3479995256307"
"24479","211","211","211","629.5584486724724","629.5584486724724","629.5584486724724"
"24545","212","212","212","630.0480605872123","630.0480605872123","630.0480605872123"
"24599","213","213","213","599.5560679047301","599.5560679047301","599.5560679047301"
"24658","214","214","214","585.2183888146432","585.2183888146432","585.2183888146432"
"24725","215","215","215","581.9910486094079","581.9910486094079","581.9910486094079"
"24784","216","216","216","454.69926689424227","454.69926689424227","454.69926689424227"
"24838","217","217","217","433.0406998587385","433.0406998587385","433.0406998587385"
"24891","218","218","218","387.7489605179591","387.7489605179591","387.7489605179591"
"25220","219","219","219","375.1822056185572","375.1822056185572","375.1822056185572"
"25377","220","220","220","358.5412688898781","358.5412688898781","358.5412688898781"
"25456","221","221","221","304.330331058572","304.330331058572","304.330331058572"
"25574","222","222","222","296.36856553858587","296.36856553858587","296.36856553858587"
"26101","223","223","223","311.342708411249","311.342708411249","311.342708411249"
"26215","224","224","224","313.83841918813346","313.83841918813346","313.83841918813346"
"26288","225","225","225","312.4447491302454","312.4447491302454","312.4447491302454"
"26386","226","226","226","311.86094793210555","311.86094793210555","311.86094793210555"
"26458","227","227","227","311.5492688345954","311.5492688345954","311.5492688345954"
"26522","228","228","228","311.02259421821384","311.02259421821384","311.02259421821384"
"26838","229","229","229","320.8253292473741","320.8253292473741","320.8253292473741"
"26922","230","230","230","319.81940019682906","319.81940019682906","319.81940019682906"
"27031","231","231","231","317.53820084458266","317.53820084458266","317.53820084458266"
"27117","232","232","232","298.71101292684637","298.71101292684637","298.71101292684637"
"27207","233","233","233","297.7847659197102","297.7847659197102","297.7847659197102"
"27269","234","234","234","295.40426609816905","295.40426609816905","295.40426609816905"
"27336","235","235","235","296.3375911521915","296.3375911521915","296.3375911521915"
"27398","236","236","236","295.10562660115926","295.10562660115926","295.10562660115926"
"27461","237","237","237","295.18970766092133","295.18970766092133","295.18970766092133"
"27521","238","238","238","294.74031112668604","294.74031112668604","294.74031112668604"
"27728","239","239","239","288.23482719221875","288.23482719221875","288.23482719221875"
"27849","240","240","240","292.96203532396464","292.96203532396464","292.96203532396464"
"28087","241","241","241","308.5131767850027","308.5131767850027","308.5131767850027"
"28481","242","242","242","338.2718808014368","338.2718808014368","338.2718808014368"
"28645","243","243","243","345.36951865705356","345.36951865705356","345.36951865705356"
"28754","244","244","244","348.9459235417988","348.9459235417988","348.9459235417988"
"29444","245","245","245","391.8428651135626","391.8428651135626","391.8428651135626"
"29606","246","246","246","399.8933052109945","399.8933052109945","399.8933052109945"
"29800","247","247","247","408.20978478040263","408.20978478040263","408.20978478040263"
"30048","248","248","248","422.74249675516296","422.74249675516296","422.74249675516296"
"30390","249","249","249","433.58323635974534","433.58323635974534","433.58323635974534"
"30597","250","250","250","439.25923183581307","439.25923183581307","439.25923183581307"
"30999","251","251","251","463.33682904248616","463.33682904248616","463.33682904248616"
"31202","252","252","252","475.60059361284164","475.60059361284164","475.60059361284164"
"31377","253","253","253","485.86335263213476","485.86335263213476","485.86335263213476"
"31798","254","254","254","517.4679355247786","517.4679355247786","517.4679355247786"
"32032","255","255","255","527.3138852797815","527.3138852797815","527.3138852797815"
"32168","256","256","256","534.1256248783047","534.1256248783047","534.1256248783047"
"32312","257","257","257","537.8953540932667","537.8953540932667","537.8953540932667"
"32572","258","258","258","553.3504736132132","553.3504736132132","553.3504736132132"
"34242","259","259","259","643.6228502324552","643.6228502324552","643.6228502324552"
"34386","260","260","260","645.0707921401454","645.0707921401454","645.0707921401454"
"35413","261","261","261","706.6503789811778","706.6503789811778","706.6503789811778"
"35810","262","262","262","732.7606686303168","732.7606686303168","732.7606686303168"
"36232","263","263","263","765.8201892256443","765.8201892256443","765.8201892256443"
"36380","264","264","264","772.2476572674555","772.2476572674555","772.2476572674555"
"36574","265","265","265","779.0982738725653","779.0982738725653","779.0982738725653"
"37136","266","266","266","811.4702426988646","811.4702426988646","811.4702426988646"
"37577","267","267","267","841.1846732719164","841.1846732719164","841.1846732719164"
"38306","268","268","268","886.7233586675953","886.7233586675953","886.7233586675953"
"38773","269","269","269","894.3099500866524","894.3099500866524","894.3099500866524"
"39224","270","270","270","913.5611991129937","913.5611991129937","913.5611991129937"
"39780","271","271","271","949.2447675129472","949.2447675129472","949.2447675129472"
"39937","272","272","272","948.219456806602","948.219456806602","948.219456806602"
"40055","273","273","273","921.3861698281994","921.3861698281994","921.3861698281994"
"41231","274","274","274","995.9393408909065","995.9393408909065","995.9393408909065"
"41883","275","275","275","1035.5171177105642","1035.5171177105642","1035.5171177105642"
"42728","276","276","276","1095.4987533073681","1095.4987533073681","1095.4987533073681"
"43034","277","277","277","1112.1634722373283","1112.1634722373283","1112.1634722373283"
"43625","278","278","278","1164.330954441659","1164.330954441659","1164.330954441659"
"46450","279","279","279","1340.1024681439083","1340.1024681439083","1340.1024681439083"
"46648","280","280","280","1350.5142762744438","1350.5142762744438","1350.5142762744438"
"47207","281","281","281","1378.7135956178515","1378.7135956178515","1378.7135956178515"
"47360","282","282","282","1384.6148365750964","1384.6148365750964","1384.6148365750964"
"47687","283","283","283","1400.5038218752973","1400.5038218752973","1400.5038218752973"
"47863","284","284","284","1410.1296663145652","1410.1296663145652","1410.1296663145652"
"48311","285","285","285","1448.4866080388517","1448.4866080388517","1448.4866080388517"
"48453","286","286","286","1450.7614279892891","1450.7614279892891","1450.7614279892891"
"48641","287","287","287","1463.7101046725552","1463.7101046725552","1463.7101046725552"
"48905","288","288","288","1483.2901517043313","1483.2901517043313","1483.2901517043313"
"49587","289","289","289","1514.2732574470053","1514.2732574470053","1514.2732574470053"
"50043","290","290","290","1541.417078210356","1541.417078210356","1541.417078210356"
"51907","291","291","291","1655.2068402434725","1655.2068402434725","1655.2068402434725"
"52070","292","292","292","1635.971608877781","1635.971608877781","1635.971608877781"
"52340","293","293","293","1643.3876273600026","1643.3876273600026","1643.3876273600026"
"52541","294","294","294","1650.1482022530822","1650.1482022530822","1650.1482022530822"
"53696","295","295","295","1677.2343314143209","1677.2343314143209","1677.2343314143209"
"54637","296","296","296","1734.315250686887","1734.315250686887","1734.315250686887"
"54930","297","297","297","1740.8258359755089","1740.8258359755089","1740.8258359755089"
"55232","298","298","298","1746.4908869196736","1746.4908869196736","1746.4908869196736"
"55652","299","299","299","1757.178318963689","1757.178318963689","1757.178318963689"
"55848","300","300","300","1757.656647390129","1757.656647390129","1757.656647390129"
"56449","301","301","301","1771.2526313636406","1771.2526313636406","1771.2526313636406"
"58280","302","302","302","1883.604927537067","1883.604927537067","1883.604927537067"
"59064","303","303","303","1925.6096287697208","1925.6096287697208","1925.6096287697208"
"59498","304","304","304","1923.8245346719716","1923.8245346719716","1923.8245346719716"
"60842","305","305","305","1999.7072493827927","1999.7072493827927","1999.7072493827927"
"61262","306","306","306","2020.4176029280843","2020.4176029280843","2020.4176029280843"
"62109","307","307","307","2067.882334241274","2067.882334241274","2067.882334241274"
"62995","308","308","308","2114.3764484120347","2114.3764484120347","2114.3764484120347"
"63491","309","309","309","2037.1079204282207","2037.1079204282207","2037.1079204282207"
"64086","310","310","310","2075.579692688111","2075.579692688111","2075.579692688111"
"64371","311","311","311","2028.7805642567414","2028.7805642567414","2028.7805642567414"
"64914","312","312","312","2033.100113440562","2033.100113440562","2033.100113440562"
"65103","313","313","313","2014.1444723725785","2014.1444723725785","2014.1444723725785"
"65330","314","314","314","2021.8056732476084","2021.8056732476084","2021.8056732476084"
"65987","315","315","315","2053.4225586736593","2053.4225586736593","2053.4225586736593"
"66186","316","316","316","2033.6764357699626","2033.6764357699626","2033.6764357699626"
"67136","317","317","317","2077.9645800543694","2077.9645800543694","2077.9645800543694"
"67406","318","318","318","2049.2695557898537","2049.2695557898537","2049.2695557898537"
"67587","319","319","319","2034.9101970207748","2034.9101970207748","2034.9101970207748"
"67805","320","320","320","2021.3581110710281","2021.3581110710281","2021.3581110710281"
"68380","321","321","321","2021.0501619715774","2021.0501619715774","2021.0501619715774"
"68565","322","322","322","2027.359994826535","2027.359994826535","2027.359994826535"
"68695","323","323","323","2031.9371575709488","2031.9371575709488","2031.9371575709488"
"68886","324","324","324","1963.5547941498348","1963.5547941498348","1963.5547941498348"
"69245","325","325","325","1939.483874952698","1939.483874952698","1939.483874952698"
"69409","326","326","326","1882.9571688357755","1882.9571688357755","1882.9571688357755"
"69800","327","327","327","1899.0086416934857","1899.0086416934857","1899.0086416934857"
"71055","328","328","328","1934.3980197598937","1934.3980197598937","1934.3980197598937"
"71363","329","329","329","1758.2602944924001","1758.2602944924001","1758.2602944924001"
"72531","330","330","330","1825.4828355395387","1825.4828355395387","1825.4828355395387"
"72917","331","331","331","1815.2440507050567","1815.2440507050567","1815.2440507050567"
"73375","332","332","332","1832.566460373409","1832.566460373409","1832.566460373409"
"73487","333","333","333","1818.3076952251881","1818.3076952251881","1818.3076952251881"
"73636","334","334","334","1817.917918132745","1817.917918132745","1817.917918132745"
"74337","335","335","335","1826.2447642386846","1826.2447642386846","1826.2447642386846"
"74626","336","336","336","1840.8413392673317","1840.8413392673317","1840.8413392673317"
"74992","337","337","337","1855.3061363261843","1855.3061363261843","1855.3061363261843"
"75110","338","338","338","1840.8065035208806","1840.8065035208806","1840.8065035208806"
"75378","339","339","339","1813.4238464569708","1813.4238464569708","1813.4238464569708"
"75878","340","340","340","1812.090244931645","1812.090244931645","1812.090244931645"
"76197","341","341","341","1704.8295360221032","1704.8295360221032","1704.8295360221032"
"77334","342","342","342","1770.0874085176824","1770.0874085176824","1770.0874085176824"
"77791","343","343","343","1786.4371682310389","1786.4371682310389","1786.4371682310389"
"77996","344","344","344","1788.164867179811","1788.164867179811","1788.164867179811"
"79139","345","345","345","1789.5135752359358","1789.5135752359358","1789.5135752359358"
"79405","346","346","346","1741.208045271475","1741.208045271475","1741.208045271475"
"80262","347","347","347","1788.2080614070853","1788.2080614070853","1788.2080614070853"
"81830","348","348","348","1885.8781741421046","1885.8781741421046","1885.8781741421046"
"82190","349","349","349","1883.1589111421895","1883.1589111421895","1883.1589111421895"
"82484","350","350","350","1886.733655680578","1886.733655680578","1886.733655680578"
"82700","351","351","351","1865.058768580153","1865.058768580153","1865.058768580153"
"83307","352","352","352","1781.138009053763","1781.138009053763","1781.138009053763"
"83672","353","353","353","1740.5656033430507","1740.5656033430507","1740.5656033430507"
"83862","354","354","354","1717.8996284129287","1717.8996284129287","1717.8996284129287"
"84092","355","355","355","1647.3299720597147","1647.3299720597147","1647.3299720597147"
"84482","356","356","356","1642.2175526207427","1642.2175526207427","1642.2175526207427"
"85675","357","357","357","1682.7576720411214","1682.7576720411214","1682.7576720411214"
"86105","358","358","358","1645.7694985525702","1645.7694985525702","1645.7694985525702"
"87169","359","359","359","1688.7279237487753","1688.7279237487753","1688.7279237487753"
"87345","360","360","360","1653.4218047155584","1653.4218047155584","1653.4218047155584"
"87442","361","361","361","1640.4497869015759","1640.4497869015759","1640.4497869015759"
"87965","362","362","362","1648.1273666513227","1648.1273666513227","1648.1273666513227"
"88091","363","363","363","1641.4080844924997","1641.4080844924997","1641.4080844924997"
"88181","364","364","364","1629.6151184300563","1629.6151184300563","1629.6151184300563"
"88574","365","365","365","1620.1692031381858","1620.1692031381858","1620.1692031381858"
"88666","366","366","366","1609.925188066472","1609.925188066472","1609.925188066472"
"88786","367","367","367","1545.0527570072143","1545.0527570072143","1545.0527570072143"
"89129","368","368","368","1548.6630646333863","1548.6630646333863","1548.6630646333863"
"89418","369","369","369","1558.7670879314287","1558.7670879314287","1558.7670879314287"
"89751","370","370","370","1568.795827714041","1568.795827714041","1568.795827714041"
"89864","371","371","371","1536.988832448131","1536.988832448131","1536.988832448131"
"90019","372","372","372","1536.2218129619678","1536.2218129619678","1536.2218129619678"
"90179","373","373","373","1540.1098978225518","1540.1098978225518","1540.1098978225518"
"90833","374","374","374","1563.684753396269","1563.684753396269","1563.684753396269"
"90983","375","375","375","1554.55505796453","1554.55505796453","1554.55505796453"
"91357","376","376","376","1577.331722848049","1577.331722848049","1577.331722848049"
"91969","377","377","377","1587.0235211451002","1587.0235211451002","1587.0235211451002"
"92240","378","378","378","1514.9331910019696","1514.9331910019696","1514.9331910019696"
"92840","379","379","379","1539.9105790409606","1539.9105790409606","1539.9105790409606"
"93255","380","380","380","1487.4006501274046","1487.4006501274046","1487.4006501274046"
"93391","381","381","381","1473.9023871215102","1473.9023871215102","1473.9023871215102"
"94556","382","382","382","1522.4669039941934","1522.4669039941934","1522.4669039941934"
"94766","383","383","383","1533.7358149801398","1533.7358149801398","1533.7358149801398"
"95316","384","384","384","1564.8251109226653","1564.8251109226653","1564.8251109226653"
"95469","385","385","385","1525.6342294616275","1525.6342294616275","1525.6342294616275"
"96213","386","386","386","1557.678141652564","1557.678141652564","1557.678141652564"
"96458","387","387","387","1542.6069095427904","1542.6069095427904","1542.6069095427904"
"96789","388","388","388","1561.9711543116625","1561.9711543116625","1561.9711543116625"
"97096","389","389","389","1562.0481877621364","1562.0481877621364","1562.0481877621364"
"97573","390","390","390","1560.5019201308996","1560.5019201308996","1560.5019201308996"
"99712","391","391","391","1692.160632904702","1692.160632904702","1692.160632904702"
"100888","392","392","392","1701.6333507376","1701.6333507376","1701.6333507376"
"101190","393","393","393","1692.2413946898246","1692.2413946898246","1692.2413946898246"
"101974","394","394","394","1744.1995814716547","1744.1995814716547","1744.1995814716547"
"102305","395","395","395","1690.3193113921818","1690.3193113921818","1690.3193113921818"
"102694","396","396","396","1698.5386177948478","1698.5386177948478","1698.5386177948478"
"102997","397","397","397","1655.518911332546","1655.518911332546","1655.518911332546"
"103428","398","398","398","1569.7666759246163","1569.7666759246163","1569.7666759246163"
"104629","399","399","399","1627.5782463568314","1627.5782463568314","1627.5782463568314"
"105338","400","400","400","1662.4082594447236","1662.4082594447236","1662.4082594447236"
"105987","401","401","401","1694.8673566021107","1694.8673566021107","1694.8673566021107"
"106315","402","402","402","1675.7143845354096","1675.7143845354096","1675.7143845354096"
"106765","403","403","403","1696.1365666933248","1696.1365666933248","1696.1365666933248"
"107315","404","404","404","1725.7520618823485","1725.7520618823485","1725.7520618823485"
"108044","405","405","405","1766.7709221279208","1766.7709221279208","1766.7709221279208"
"108252","406","406","406","1756.0885815562965","1756.0885815562965","1756.0885815562965"
"109487","407","407","407","1743.7365996916321","1743.7365996916321","1743.7365996916321"
"109639","408","408","408","1724.3911665652288","1724.3911665652288","1724.3911665652288"
"109869","409","409","409","1659.6334290551501","1659.6334290551501","1659.6334290551501"
"110093","410","410","410","1662.806352544107","1662.806352544107","1662.806352544107"
"110308","411","411","411","1674.2700131988013","1674.2700131988013","1674.2700131988013"
"111156","412","412","412","1697.3300074362935","1697.3300074362935","1697.3300074362935"
"111632","413","413","413","1725.0409052972748","1725.0409052972748","1725.0409052972748"
"111866","414","414","414","1732.6912506334452","1732.6912506334452","1732.6912506334452"
"113147","415","415","415","1793.6746429454322","1793.6746429454322","1793.6746429454322"
"113559","416","416","416","1813.5763760141067","1813.5763760141067","1813.5763760141067"
"114056","417","417","417","1835.8866820875016","1835.8866820875016","1835.8866820875016"
"114164","418","418","418","1820.996337069924","1820.996337069924","1820.996337069924"
"115026","419","419","419","1860.3208758431138","1860.3208758431138","1860.3208758431138"
"115670","420","420","420","1889.2837622344186","1889.2837622344186","1889.2837622344186"
"115879","421","421","421","1896.230185249606","1896.230185249606","1896.230185249606"
"117145","422","422","422","1990.326562381551","1990.326562381551","1990.326562381551"
"117726","423","423","423","2018.2099036131417","2018.2099036131417","2018.2099036131417"
"117994","424","424","424","2003.3634922568585","2003.3634922568585","2003.3634922568585"
"118210","425","425","425","2007.1206927017463","2007.1206927017463","2007.1206927017463"
"118562","426","426","426","1999.7783198613186","1999.7783198613186","1999.7783198613186"
"118776","427","427","427","1970.3914793094298","1970.3914793094298","1970.3914793094298"
"118942","428","428","428","1963.8439640203549","1963.8439640203549","1963.8439640203549"
"119196","429","429","429","1939.3124193542485","1939.3124193542485","1939.3124193542485"
"120000","430","430","430","1967.159040949427","1967.159040949427","1967.159040949427"
"120172","431","431","431","1965.9053772474767","1965.9053772474767","1965.9053772474767"
"120322","432","432","432","1901.9286726512819","1901.9286726512819","1901.9286726512819"
"120510","433","433","433","1896.0537954501417","1896.0537954501417","1896.0537954501417"
"120740","434","434","434","1870.1302069656138","1870.1302069656138","1870.1302069656138"
"121019","435","435","435","1881.094320518044","1881.094320518044","1881.094320518044"
"121302","436","436","436","1844.7911748891077","1844.7911748891077","1844.7911748891077"
"121673","437","437","437","1855.977443606801","1855.977443606801","1855.977443606801"
"121898","438","438","438","1845.788010978878","1845.788010978878","1845.788010978878"
"122245","439","439","439","1854.9659164160057","1854.9659164160057","1854.9659164160057"
"122651","440","440","440","1848.5453595498607","1848.5453595498607","1848.5453595498607"
"123195","441","441","441","1743.7769661246386","1743.7769661246386","1743.7769661246386"
"123645","442","442","442","1686.0434735646663","1686.0434735646663","1686.0434735646663"
"124207","443","443","443","1696.0415357980498","1696.0415357980498","1696.0415357980498"
"126269","444","444","444","1782.984534934549","1782.984534934549","1782.984534934549"
"126413","445","445","445","1772.664113828293","1772.664113828293","1772.664113828293"
"126611","446","446","446","1764.4750228718556","1764.4750228718556","1764.4750228718556"
"126799","447","447","447","1756.4108817989263","1756.4108817989263","1756.4108817989263"
"127069","448","448","448","1739.4438825412453","1739.4438825412453","1739.4438825412453"
"127892","449","449","449","1708.8836744528592","1708.8836744528592","1708.8836744528592"
"128064","450","450","450","1667.910853858904","1667.910853858904","1667.910853858904"
"128336","451","451","451","1639.4094940546024","1639.4094940546024","1639.4094940546024"
"129068","452","452","452","1671.792780542885","1671.792780542885","1671.792780542885"
"129311","453","453","453","1649.0260941659456","1649.0260941659456","1649.0260941659456"
"129433","454","454","454","1619.6033773158276","1619.6033773158276","1619.6033773158276"
"129659","455","455","455","1576.3088352610523","1576.3088352610523","1576.3088352610523"
"130082","456","456","456","1596.9411648373125","1596.9411648373125","1596.9411648373125"
"130276","457","457","457","1526.292341391822","1526.292341391822","1526.292341391822"
"130427","458","458","458","1528.6543412291264","1528.6543412291264","1528.6543412291264"
"133507","459","459","459","1737.9845793782524","1737.9845793782524","1737.9845793782524"
"133662","460","460","460","1732.6947708457062","1732.6947708457062","1732.6947708457062"
"133788","461","461","461","1726.7988953213064","1726.7988953213064","1726.7988953213064"
"134125","462","462","462","1686.8381108382448","1686.8381108382448","1686.8381108382448"
"134519","463","463","463","1672.9940780219185","1672.9940780219185","1672.9940780219185"
"134743","464","464","464","1678.5206119252332","1678.5206119252332","1678.5206119252332"
"134976","465","465","465","1604.2163325706563","1604.2163325706563","1604.2163325706563"
"135130","466","466","466","1585.6664044614633","1585.6664044614633","1585.6664044614633"
"135476","467","467","467","1577.333291826381","1577.333291826381","1577.333291826381"
"135706","468","468","468","1589.7299643180556","1589.7299643180556","1589.7299643180556"
"136306","469","469","469","1569.4821506520532","1569.4821506520532","1569.4821506520532"
"137765","470","470","470","1640.548896838622","1640.548896838622","1640.548896838622"
"138466","471","471","471","1682.870873147066","1682.870873147066","1682.870873147066"
"138762","472","472","472","1603.8404241365954","1603.8404241365954","1603.8404241365954"
"139163","473","473","473","1591.487610097911","1591.487610097911","1591.487610097911"
"139770","474","474","474","1608.8035040220866","1608.8035040220866","1608.8035040220866"
"139903","475","475","475","1606.1649150254464","1606.1649150254464","1606.1649150254464"
"140111","476","476","476","1598.1071500598084","1598.1071500598084","1598.1071500598084"
"140975","477","477","477","1656.8091624315045","1656.8091624315045","1656.8091624315045"
"141249","478","478","478","1660.7687140256437","1660.7687140256437","1660.7687140256437"
"141420","479","479","479","1653.7792711488169","1653.7792711488169","1653.7792711488169"
"141712","480","480","480","1616.7139097115678","1616.7139097115678","1616.7139097115678"
"141841","481","481","481","1618.3902409838897","1618.3902409838897","1618.3902409838897"
"142050","482","482","482","1620.7607728738103","1620.7607728738103","1620.7607728738103"
"142428","483","483","483","1640.1315970874289","1640.1315970874289","1640.1315970874289"
"142601","484","484","484","1635.2535544221892","1635.2535544221892","1635.2535544221892"
"143026","485","485","485","1643.5641987254098","1643.5641987254098","1643.5641987254098"
"143821","486","486","486","1692.033835301045","1692.033835301045","1692.033835301045"
"144033","487","487","487","1677.4755573206512","1677.4755573206512","1677.4755573206512"
"144538","488","488","488","1710.9617867369677","1710.9617867369677","1710.9617867369677"
"145034","489","489","489","1715.7360651040665","1715.7360651040665","1715.7360651040665"
"145424","490","490","490","1716.2615844413633","1716.2615844413633","1716.2615844413633"
"145840","491","491","491","1690.4986302147072","1690.4986302147072","1690.4986302147072"
"148114","492","492","492","1831.520775713673","1831.520775713673","1831.520775713673"
"148498","493","493","493","1831.2465773962485","1831.2465773962485","1831.2465773962485"
"148785","494","494","494","1704.9770946394192","1704.9770946394192","1704.9770946394192"
"149149","495","495","495","1725.9736611344806","1725.9736611344806","1725.9736611344806"
"149456","496","496","496","1731.2026484235682","1731.2026484235682","1731.2026484235682"
"149684","497","497","497","1732.0253638072093","1732.0253638072093","1732.0253638072093"
"149852","498","498","498","1730.5867596919534","1730.5867596919534","1730.5867596919534"
"150309","499","499","499","1716.351180185197","1716.351180185197","1716.351180185197"
"151024","500","500","500","1760.7504311810721","1760.7504311810721","1760.7504311810721"
"151258","501","501","501","1748.1428129528867","1748.1428129528867","1748.1428129528867"
"151676","502","502","502","1720.9428660013","1720.9428660013","1720.9428660013"
"151881","503","503","503","1722.6899907312902","1722.6899907312902","1722.6899907312902"
"152101","504","504","504","1736.533788390384","1736.533788390384","1736.533788390384"
"153451","505","505","505","1824.7245708196924","1824.7245708196924","1824.7245708196924"
"153619","506","506","506","1803.3492214377613","1803.3492214377613","1803.3492214377613"
"153992","507","507","507","1818.9364243736936","1818.9364243736936","1818.9364243736936"
"154260","508","508","508","1828.1016091953572","1828.1016091953572","1828.1016091953572"
"154850","509","509","509","1647.1081520031921","1647.1081520031921","1647.1081520031921"
"155049","510","510","510","1649.9759802134663","1649.9759802134663","1649.9759802134663"
"155925","511","511","511","1699.8746284377373","1699.8746284377373","1699.8746284377373"
"156428","512","512","512","1725.9450403268647","1725.9450403268647","1725.9450403268647"
"156645","513","513","513","1713.9273488201254","1713.9273488201254","1713.9273488201254"
"156797","514","514","514","1707.835195617956","1707.835195617956","1707.835195617956"
"156950","515","515","515","1700.0534149957643","1700.0534149957643","1700.0534149957643"
"157093","516","516","516","1704.3024841214478","1704.3024841214478","1704.3024841214478"
"157272","517","517","517","1691.2188651947797","1691.2188651947797","1691.2188651947797"
"157428","518","518","518","1684.4583907582028","1684.4583907582028","1684.4583907582028"
"157811","519","519","519","1671.675057496658","1671.675057496658","1671.675057496658"
"158395","520","520","520","1602.9509812743768","1602.9509812743768","1602.9509812743768"
"158903","521","521","521","1578.0058885667636","1578.0058885667636","1578.0058885667636"
"159190","522","522","522","1573.8075906333222","1573.8075906333222","1573.8075906333222"
"159560","523","523","523","1578.3262779938573","1578.3262779938573","1578.3262779938573"
"160155","524","524","524","1582.6287566478723","1582.6287566478723","1582.6287566478723"
"160524","525","525","525","1597.9903566024109","1597.9903566024109","1597.9903566024109"
"160638","526","526","526","1588.6587764695826","1588.6587764695826","1588.6587764695826"
"161205","527","527","527","1555.365502510761","1555.365502510761","1555.365502510761"
"161490","528","528","528","1562.987169878019","1562.987169878019","1562.987169878019"
"163150","529","529","529","1672.1491815969953","1672.1491815969953","1672.1491815969953"
"163713","530","530","530","1695.7227583574224","1695.7227583574224","1695.7227583574224"
"164098","531","531","531","1718.697921756765","1718.697921756765","1718.697921756765"
"164337","532","532","532","1720.7081006842209","1720.7081006842209","1720.7081006842209"
"164640","533","533","533","1713.6033506976808","1713.6033506976808","1713.6033506976808"
"165021","534","534","534","1725.785808959033","1725.785808959033","1725.785808959033"
"165272","535","535","535","1713.3935735585883","1713.3935735585883","1713.3935735585883"
"167809","536","536","536","1851.402364111179","1851.402364111179","1851.402364111179"
"168599","537","537","537","1906.6780864455138","1906.6780864455138","1906.6780864455138"
"170395","538","538","538","2006.4519767974066","2006.4519767974066","2006.4519767974066"
"170640","539","539","539","1991.0246799191623","1991.0246799191623","1991.0246799191623"
"172759","540","540","540","2117.2738442048517","2117.2738442048517","2117.2738442048517"
"173674","541","541","541","2158.924981836227","2158.924981836227","2158.924981836227"
"173899","542","542","542","2004.1816109763934","2004.1816109763934","2004.1816109763934"
"174585","543","543","543","2035.9732263170654","2035.9732263170654","2035.9732263170654"
"175199","544","544","544","2062.964944827311","2062.964944827311","2062.964944827311"
"175370","545","545","545","2048.1401557363783","2048.1401557363783","2048.1401557363783"
"176226","546","546","546","2087.816034283351","2087.816034283351","2087.816034283351"
"176340","547","547","547","2077.667169098095","2077.667169098095","2077.667169098095"
"176491","548","548","548","2066.9766955063374","2066.9766955063374","2066.9766955063374"
"178981","549","549","549","2234.681392640861","2234.681392640861","2234.681392640861"
"179899","550","550","550","2244.5003004836326","2244.5003004836326","2244.5003004836326"
"182425","551","551","551","2422.0799188813335","2422.0799188813335","2422.0799188813335"
"183583","552","552","552","2488.7588974815358","2488.7588974815358","2488.7588974815358"
"183963","553","553","553","2501.0413423786713","2501.0413423786713","2501.0413423786713"
"184065","554","554","554","2484.8057851883354","2484.8057851883354","2484.8057851883354"
"185966","555","555","555","2540.8829870216687","2540.8829870216687","2540.8829870216687"
"186792","556","556","556","2579.257208434755","2579.257208434755","2579.257208434755"
"188654","557","557","557","2701.8521550154132","2701.8521550154132","2701.8521550154132"
"190188","558","558","558","2800.549817263037","2800.549817263037","2800.549817263037"
"191981","559","559","559","2893.388579988087","2893.388579988087","2893.388579988087"
"192965","560","560","560","2953.900433484781","2953.900433484781","2953.900433484781"
"193472","561","561","561","2933.741531347646","2933.741531347646","2933.741531347646"
"194731","562","562","562","2976.522232276168","2976.522232276168","2976.522232276168"
"197908","563","563","563","3228.960029408123","3228.960029408123","3228.960029408123"
"198119","564","564","564","3233.04366056341","3233.04366056341","3233.04366056341"
"198829","565","565","565","3290.8055177327847","3290.8055177327847","3290.8055177327847"
"199758","566","566","566","3338.3539450097282","3338.3539450097282","3338.3539450097282"
"201176","567","567","567","3437.673737934015","3437.673737934015","3437.673737934015"
"204396","568","568","568","3704.2062052797737","3704.2062052797737","3704.2062052797737"
"204575","569","569","569","3682.212047973238","3682.212047973238","3682.212047973238"
"205493","570","570","570","3694.8561006910268","3694.8561006910268","3694.8561006910268"
"207658","571","571","571","3844.903482169052","3844.903482169052","3844.903482169052"
"208283","572","572","572","3864.0935330561647","3864.0935330561647","3864.0935330561647"
"208533","573","573","573","3843.3831828826715","3843.3831828826715","3843.3831828826715"
"212165","574","574","574","4075.7674799959786","4075.7674799959786","4075.7674799959786"
"212597","575","575","575","4082.9044974829553","4082.9044974829553","4082.9044974829553"
"213596","576","576","576","4140.273695185196","4140.273695185196","4140.273695185196"
"213978","577","577","577","4128.821204751602","4128.821204751602","4128.821204751602"
"214443","578","578","578","4138.105707134466","4138.105707134466","4138.105707134466"
"215632","579","579","579","4102.613999189633","4102.613999189633","4102.613999189633"
"216340","580","580","580","4113.880885830366","4113.880885830366","4113.880885830366"
"219512","581","581","581","4304.1387819901975","4304.1387819901975","4304.1387819901975"
"221759","582","582","582","4457.76981563411","4457.76981563411","4457.76981563411"
"222225","583","583","583","4468.150207898301","4468.150207898301","4468.150207898301"
"224859","584","584","584","4658.261090224562","4658.261090224562","4658.261090224562"
"224968","585","585","585","4650.364182962637","4650.364182962637","4650.364182962637"
"226131","586","586","586","4532.856957059912","4532.856957059912","4532.856957059912"
"228338","587","587","587","4658.040804973106","4658.040804973106","4658.040804973106"
"234036","588","588","588","4955.295104760635","4955.295104760635","4955.295104760635"
"237989","589","589","589","5253.650080796231","5253.650080796231","5253.650080796231"
"239217","590","590","590","5196.098981523782","5196.098981523782","5196.098981523782"
"239985","591","591","591","5195.530597501664","5195.530597501664","5195.530597501664"
"240817","592","592","592","5235.853531049491","5235.853531049491","5235.853531049491"
"244105","593","593","593","5467.484337622514","5467.484337622514","5467.484337622514"
"249061","594","594","594","5850.605623285855","5850.605623285855","5850.605623285855"
"250908","595","595","595","5988.572698626829","5988.572698626829","5988.572698626829"
"252179","596","596","596","6031.091295875993","6031.091295875993","6031.091295875993"
"252618","597","597","597","6060.299074075164","6060.299074075164","6060.299074075164"
"257780","598","598","598","6480.754963131492","6480.754963131492","6480.754963131492"
"258101","599","599","599","6297.200389233704","6297.200389233704","6297.200389233704"
"260095","600","600","600","6409.648965638512","6409.648965638512","6409.648965638512"
"265337","601","601","601","6672.916222862499","6672.916222862499","6672.916222862499"
"268785","602","602","602","6900.927821299769","6900.927821299769","6900.927821299769"
"269871","603","603","603","6949.52967038367","6949.52967038367","6949.52967038367"
"274452","604","604","604","7349.253473395119","7349.253473395119","7349.253473395119"
"275273","605","605","605","7258.419724397797","7258.419724397797","7258.419724397797"
"276704","606","606","606","7317.902423058648","7317.902423058648","7317.902423058648"
"280206","607","607","607","7470.043905037516","7470.043905037516","7470.043905037516"
"280387","608","608","608","7366.485206295625","7366.485206295625","7366.485206295625"
"281554","609","609","609","7338.846728639435","7338.846728639435","7338.846728639435"
"282750","610","610","610","7377.179882301029","7377.179882301029","7377.179882301029"
"286459","611","611","611","7655.56201578668","7655.56201578668","7655.56201578668"
"288235","612","612","612","7725.944230304192","7725.944230304192","7725.944230304192"
"289287","613","613","613","7551.75548843174","7551.75548843174","7551.75548843174"
"291575","614","614","614","7736.562639309392","7736.562639309392","7736.562639309392"
"292868","615","615","615","7798.27250633974","7798.27250633974","7798.27250633974"
"293752","616","616","616","7820.722397024071","7820.722397024071","7820.722397024071"
"297289","617","617","617","8034.624050004978","8034.624050004978","8034.624050004978"
"297453","618","618","618","7767.239829079568","7767.239829079568","7767.239829079568"
"297945","619","619","619","7801.4438653321495","7801.4438653321495","7801.4438653321495"
"300529","620","620","620","7958.764249984853","7958.764249984853","7958.764249984853"
"300777","621","621","621","7798.894304930332","7798.894304930332","7798.894304930332"
"301103","622","622","622","7784.294560232862","7784.294560232862","7784.294560232862"
"301320","623","623","623","7787.956956690768","7787.956956690768","7787.956956690768"
"301636","624","624","624","7539.459190381881","7539.459190381881","7539.459190381881"
"301915","625","625","625","7534.828479178634","7534.828479178634","7534.828479178634"
"302375","626","626","626","7513.979528426387","7513.979528426387","7513.979528426387"
"305422","627","627","627","7762.704491043865","7762.704491043865","7762.704491043865"
"305568","628","628","628","7742.725444493966","7742.725444493966","7742.725444493966"
"307025","629","629","629","7788.067722820026","7788.067722820026","7788.067722820026"
"307733","630","630","630","7797.826899565307","7797.826899565307","7797.826899565307"
"310017","631","631","631","7761.747290998515","7761.747290998515","7761.747290998515"
"310273","632","632","632","7610.508237933986","7610.508237933986","7610.508237933986"
"311008","633","633","633","7634.719301169887","7634.719301169887","7634.719301169887"
"311236","634","634","634","7439.266956836578","7439.266956836578","7439.266956836578"
"311484","635","635","635","7449.548718650311","7449.548718650311","7449.548718650311"
"311927","636","636","636","7405.303775410587","7405.303775410587","7405.303775410587"
"312115","637","637","637","7228.110498532088","7228.110498532088","7228.110498532088"
"313017","638","638","638","6856.950237974174","6856.950237974174","6856.950237974174"
"313961","639","639","639","6627.608088265444","6627.608088265444","6627.608088265444"
"314129","640","640","640","6546.594708367516","6546.594708367516","6546.594708367516"
"314872","641","641","641","6545.644183139413","6545.644183139413","6545.644183139413"
"315235","642","642","642","6522.280130056469","6522.280130056469","6522.280130056469"
"315604","643","643","643","6254.749581316286","6254.749581316286","6254.749581316286"
"318904","644","644","644","6132.1062728045035","6132.1062728045035","6132.1062728045035"
"319482","645","645","645","6025.016316627074","6025.016316627074","6025.016316627074"
"319716","646","646","646","5936.983708179214","5936.983708179214","5936.983708179214"
"319926","647","647","647","5919.859512863913","5919.859512863913","5919.859512863913"
"320555","648","648","648","5551.075825956926","5551.075825956926","5551.075825956926"
"321780","649","649","649","5616.70787668924","5616.70787668924","5616.70787668924"
"322070","650","650","650","5464.00279445248","5464.00279445248","5464.00279445248"
"322258","651","651","651","5029.473485565151","5029.473485565151","5029.473485565151"
"322585","652","652","652","4732.10979566045","4732.10979566045","4732.10979566045"
"322837","653","653","653","4677.5733874547805","4677.5733874547805","4677.5733874547805"
"323148","654","654","654","4295.59338468088","4295.59338468088","4295.59338468088"
"323316","655","655","655","4240.356795364985","4240.356795364985","4240.356795364985"
"323556","656","656","656","4151.349176570602","4151.349176570602","4151.349176570602"
"323995","657","657","657","3881.1353344429067","3881.1353344429067","3881.1353344429067"
"324299","658","658","658","3892.1731351399276","3892.1731351399276","3892.1731351399276"
"325268","659","659","659","3867.3503066302405","3867.3503066302405","3867.3503066302405"
"325487","660","660","660","3773.123181677309","3773.123181677309","3773.123181677309"
"326200","661","661","661","3511.7859615063226","3511.7859615063226","3511.7859615063226"
"326607","662","662","662","3380.799073183818","3380.799073183818","3380.799073183818"
"327493","663","663","663","3370.051616154902","3370.051616154902","3370.051616154902"
"329434","664","664","664","3356.474146092543","3356.474146092543","3356.474146092543"
"329771","665","665","665","3253.9539997523916","3253.9539997523916","3253.9539997523916"
"330025","666","666","666","3193.293206858834","3193.293206858834","3193.293206858834"
"330237","667","667","667","2884.5942384102627","2884.5942384102627","2884.5942384102627"
"330441","668","668","668","2888.45775701564","2888.45775701564","2888.45775701564"
"330867","669","669","669","2883.49823911023","2883.49823911023","2883.49823911023"
"331236","670","670","670","2687.247254677954","2687.247254677954","2687.247254677954"
"331493","671","671","671","2684.7107205749307","2684.7107205749307","2684.7107205749307"
"331851","672","672","672","2685.453542903194","2685.453542903194","2685.453542903194"
"332102","673","673","673","2689.1357013562915","2689.1357013562915","2689.1357013562915"
"332329","674","674","674","2678.3019997424417","2678.3019997424417","2678.3019997424417"
"332681","675","675","675","2678.3349286542384","2678.3349286542384","2678.3349286542384"
"332931","676","676","676","2654.8873224123117","2654.8873224123117","2654.8873224123117"
"333596","677","677","677","2430.3001812872926","2430.3001812872926","2430.3001812872926"
"333905","678","678","678","2441.457034228219","2441.457034228219","2441.457034228219"
"334899","679","679","679","2388.7984382266727","2388.7984382266727","2388.7984382266727"
"335615","680","680","680","2391.363137827691","2391.363137827691","2391.363137827691"
"335864","681","681","681","2220.8244804026144","2220.8244804026144","2220.8244804026144"
"336125","682","682","682","2222.611480091079","2222.611480091079","2222.611480091079"
"336430","683","683","683","2187.5356550018855","2187.5356550018855","2187.5356550018855"
"336716","684","684","684","2191.492224616489","2191.492224616489","2191.492224616489"
"337060","685","685","685","2198.777532979376","2198.777532979376","2198.777532979376"
"337449","686","686","686","2189.395948624087","2189.395948624087","2189.395948624087"
"337812","687","687","687","2202.1976629488836","2202.1976629488836","2202.1976629488836"
"338098","688","688","688","2148.594384803801","2148.594384803801","2148.594384803801"
"338738","689","689","689","2119.6469392890353","2119.6469392890353","2119.6469392890353"
"339139","690","690","690","2139.38985926177","2139.38985926177","2139.38985926177"
"339428","691","691","691","2095.796312813272","2095.796312813272","2095.796312813272"
"339839","692","692","692","2096.783353643248","2096.783353643248","2096.783353643248"
"340179","693","693","693","2094.0643715603946","2094.0643715603946","2094.0643715603946"
"341129","694","694","694","1868.6045916531025","1868.6045916531025","1868.6045916531025"
"341800","695","695","695","1882.8778249928987","1882.8778249928987","1882.8778249928987"
"342671","696","696","696","1933.0285406466073","1933.0285406466073","1933.0285406466073"
"343038","697","697","697","1945.476032321393","1945.476032321393","1945.476032321393"
"343307","698","698","698","1915.028292837039","1915.028292837039","1915.028292837039"
"343742","699","699","699","1858.07324946868","1858.07324946868","1858.07324946868"
"344067","700","700","700","1857.3804391787482","1857.3804391787482","1857.3804391787482"
"344340","701","701","701","1862.6344129350746","1862.6344129350746","1862.6344129350746"
"346567","702","702","702","2013.359646982634","2013.359646982634","2013.359646982634"
"346872","703","703","703","2016.747759852485","2016.747759852485","2016.747759852485"
"348056","704","704","704","2085.950180342147","2085.950180342147","2085.950180342147"
"348339","705","705","705","2094.420960989258","2094.420960989258","2094.420960989258"
"348732","706","706","706","2103.5831395071637","2103.5831395071637","2103.5831395071637"
"349193","707","707","707","2108.1943433114307","2108.1943433114307","2108.1943433114307"
"349509","708","708","708","2107.0655379787704","2107.0655379787704","2107.0655379787704"
"351995","709","709","709","2229.224681507354","2229.224681507354","2229.224681507354"
"353188","710","710","710","2307.3777987557783","2307.3777987557783","2307.3777987557783"
"353526","711","711","711","2276.91641919391","2276.91641919391","2276.91641919391"
"354802","712","712","712","2345.4711596124766","2345.4711596124766","2345.4711596124766"
"355752","713","713","713","2342.0966661030134","2342.0966661030134","2342.0966661030134"
"356232","714","714","714","2192.6744563167777","2192.6744563167777","2192.6744563167777"
"356588","715","715","715","2193.0077963871263","2193.0077963871263","2193.0077963871263"
"356867","716","716","716","2194.9379463474993","2194.9379463474993","2194.9379463474993"
"357343","717","717","717","2216.1745137429684","2216.1745137429684","2216.1745137429684"
"357697","718","718","718","2227.0447577966133","2227.0447577966133","2227.0447577966133"
"358518","719","719","719","2255.7249161729314","2255.7249161729314","2255.7249161729314"
"358882","720","720","720","2253.079317441267","2253.079317441267","2253.079317441267"
"359194","721","721","721","2257.5942729511094","2257.5942729511094","2257.5942729511094"
"359773","722","722","722","2273.2253085492925","2273.2253085492925","2273.2253085492925"
"362831","723","723","723","2523.089613560149","2523.089613560149","2523.089613560149"
"363176","724","724","724","2541.7283181519742","2541.7283181519742","2541.7283181519742"
"363885","725","725","725","2574.4819479525017","2574.4819479525017","2574.4819479525017"
"364480","726","726","726","2602.5549186724606","2602.5549186724606","2602.5549186724606"
"365070","727","727","727","2595.616578411516","2595.616578411516","2595.616578411516"
"365393","728","728","728","2600.538531023419","2600.538531023419","2600.538531023419"
"366622","729","729","729","2618.706114837657","2618.706114837657","2618.706114837657"
"366955","730","730","730","2578.1685809512646","2578.1685809512646","2578.1685809512646"
"367225","731","731","731","2579.2407457955064","2579.2407457955064","2579.2407457955064"
"367456","732","732","732","2578.4552225522834","2578.4552225522834","2578.4552225522834"
"368123","733","733","733","2608.012354319144","2608.012354319144","2608.012354319144"
"368373","734","734","734","2604.9153904683653","2604.9153904683653","2604.9153904683653"
"368686","735","735","735","2601.9168218422474","2601.9168218422474","2601.9168218422474"
"369060","736","736","736","2600.708852849429","2600.708852849429","2600.708852849429"
"369485","737","737","737","2606.0186464205613","2606.0186464205613","2606.0186464205613"
"370020","738","738","738","2628.236272029281","2628.236272029281","2628.236272029281"
"370881","739","739","739","2639.275803571688","2639.275803571688","2639.275803571688"
"371244","740","740","740","2634.7623053197512","2634.7623053197512","2634.7623053197512"
"371507","741","741","741","2632.3457633289822","2632.3457633289822","2632.3457633289822"
"372787","742","742","742","2703.104895901899","2703.104895901899","2703.104895901899"
"373098","743","743","743","2700.31719254521","2700.31719254521","2700.31719254521"
"373959","744","744","744","2681.12405467134","2681.12405467134","2681.12405467134"
"374335","745","745","745","2649.622672136564","2649.622672136564","2649.622672136564"
"375363","746","746","746","2667.8202644085836","2667.8202644085836","2667.8202644085836"
"375811","747","747","747","2674.47487570488","2674.47487570488","2674.47487570488"
"376105","748","748","748","2671.077746636586","2671.077746636586","2671.077746636586"
"377018","749","749","749","2709.280137841555","2709.280137841555","2709.280137841555"
"378754","750","750","750","2844.20764945993","2844.20764945993","2844.20764945993"
"380246","751","751","751","2943.3748800661806","2943.3748800661806","2943.3748800661806"
"380578","752","752","752","2791.031359154945","2791.031359154945","2791.031359154945"
"380882","753","753","753","2790.8760802507377","2790.8760802507377","2790.8760802507377"
"381088","754","754","754","2712.82357466883","2712.82357466883","2712.82357466883"
"381743","755","755","755","2745.049579190901","2745.049579190901","2745.049579190901"
"382174","756","756","756","2748.2400236436456","2748.2400236436456","2748.2400236436456"
"382725","757","757","757","2755.706120698611","2755.706120698611","2755.706120698611"
"383120","758","758","758","2762.168883256232","2762.168883256232","2762.168883256232"
"383834","759","759","759","2613.486478600478","2613.486478600478","2613.486478600478"
"384163","760","760","760","2543.759300553864","2543.759300553864","2543.759300553864"
"384544","761","761","761","2547.7755877223854","2547.7755877223854","2547.7755877223854"
"385303","762","762","762","2507.262728280619","2507.262728280619","2507.262728280619"
"385620","763","763","763","2456.545085109981","2456.545085109981","2456.545085109981"
"385961","764","764","764","2449.9275814831567","2449.9275814831567","2449.9275814831567"
"388868","765","765","765","2676.888107664915","2676.888107664915","2676.888107664915"
"389361","766","766","766","2694.8728101676666","2694.8728101676666","2694.8728101676666"
"390382","767","767","767","2739.519145709964","2739.519145709964","2739.519145709964"
"391903","768","768","768","2834.714277772291","2834.714277772291","2834.714277772291"
"392864","769","769","769","2847.460959255551","2847.460959255551","2847.460959255551"
"393384","770","770","770","2859.7333963416","2859.7333963416","2859.7333963416"
"393887","771","771","771","2874.7743939705215","2874.7743939705215","2874.7743939705215"
"394148","772","772","772","2851.197818109433","2851.197818109433","2851.197818109433"
"394460","773","773","773","2611.4126645291667","2611.4126645291667","2611.4126645291667"
"394849","774","774","774","2606.4928969564494","2606.4928969564494","2606.4928969564494"
"395158","775","775","775","2569.9614171244066","2569.9614171244066","2569.9614171244066"
"396854","776","776","776","2662.6169044574945","2662.6169044574945","2662.6169044574945"
"397228","777","777","777","2644.994859599982","2644.994859599982","2644.994859599982"
"399216","778","778","778","2780.8434397752612","2780.8434397752612","2780.8434397752612"
"400319","779","779","779","2775.566805564146","2775.566805564146","2775.566805564146"
"401191","780","780","780","2818.771242885289","2818.771242885289","2818.771242885289"
"401578","781","781","781","2828.176333288494","2828.176333288494","2828.176333288494"
"401971","782","782","782","2839.433025168961","2839.433025168961","2839.433025168961"
"402357","783","783","783","2816.4384688419395","2816.4384688419395","2816.4384688419395"
"404245","784","784","784","2946.930667454343","2946.930667454343","2946.930667454343"
"404752","785","785","785","2963.0022758049126","2963.0022758049126","2963.0022758049126"
"412605","786","786","786","3591.8974970990616","3591.8974970990616","3591.8974970990616"
"417631","787","787","787","3974.713324209873","3974.713324209873","3974.713324209873"
"427631","788","788","788","4742.340063105906","4742.340063105906","4742.340063105906"
"437631","789","789","789","5535.325082688143","5535.325082688143","5535.325082688143"
"441078","790","790","790","5810.001215246179","5810.001215246179","5810.001215246179"
"442777","791","791","791","5946.630750320527","5946.630750320527","5946.630750320527"
"446384","792","792","792","6163.404822339495","6163.404822339495","6163.404822339495"
"447277","793","793","793","6216.510440797515","6216.510440797515","6216.510440797515"
"447766","794","794","794","6189.582320741701","6189.582320741701","6189.582320741701"
"451324","795","795","795","6484.0427468004955","6484.0427468004955","6484.0427468004955"
"452488","796","796","796","6497.1855026165895","6497.1855026165895","6497.1855026165895"
"453888","797","797","797","6585.6582191221","6585.6582191221","6585.6582191221"
"455011","798","798","798","6660.130385790721","6660.130385790721","6660.130385790721"
"465011","799","799","799","7467.302219113769","7467.302219113769","7467.302219113769"
"475011","800","800","800","8197.125964742094","8197.125964742094","8197.125964742094"
"481249","801","801","801","8645.343916237965","8645.343916237965","8645.343916237965"
"486038","802","802","802","9063.868928190535","9063.868928190535","9063.868928190535"
"496038","803","803","803","9976.200208713852","9976.200208713852","9976.200208713852"
"506038","804","804","804","10885.285047978621","10885.285047978621","10885.285047978621"
"515905","805","805","805","11779.85111627636","11779.85111627636","11779.85111627636"
"523905","806","806","806","12510.026237470074","12510.026237470074","12510.026237470074"
"530195","807","807","807","13043.19878150146","13043.19878150146","13043.19878150146"
"540195","808","808","808","13961.671209429855","13961.671209429855","13961.671209429855"
"550195","809","809","809","14870.64880455495","14870.64880455495","14870.64880455495"
"560195","810","810","810","15817.18424914462","15817.18424914462","15817.18424914462"
"564567","811","811","811","16213.067185215978","16213.067185215978","16213.067185215978"
"574567","812","812","812","17138.979559678606","17138.979559678606","17138.979559678606"
"584567","813","813","813","18089.138444321456","18089.138444321456","18089.138444321456"
"594567","814","814","814","19042.77029113378","19042.77029113378","19042.77029113378"
"604567","815","815","815","19790.00595267611","19790.00595267611","19790.00595267611"
"614567","816","816","816","20764.51208851537","20764.51208851537","20764.51208851537"
"624567","817","817","817","21714.16468786607","21714.16468786607","21714.16468786607"
"634567","818","818","818","22644.41084860367","22644.41084860367","22644.41084860367"
"644567","819","819","819","23613.11378509701","23613.11378509701","23613.11378509701"
"654567","820","820","820","24625.480398515392","24625.480398515392","24625.480398515392"
"664567","821","821","821","25631.46001046316","25631.46001046316","25631.46001046316"
"674567","822","822","822","26660.8448274996","26660.8448274996","26660.8448274996"
"684567","823","823","823","27707.51357987636","27707.51357987636","27707.51357987636"
"694567","824","824","824","28748.571605326986","28748.571605326986","28748.571605326986"
"704567","825","825","825","29793.65672687967","29793.65672687967","29793.65672687967"
"714567","826","826","826","30715.01025096254","30715.01025096254","30715.01025096254"
"724567","827","827","827","31755.298269043138","31755.298269043138","31755.298269043138"
"734567","828","828","828","32671.036113184484","32671.036113184484","32671.036113184484"
"744567","829","829","829","33646.51978811364","33646.51978811364","33646.51978811364"
"754567","830","830","830","34665.37255809261","34665.37255809261","34665.37255809261"
"764567","831","831","831","35707.178356878285","35707.178356878285","35707.178356878285"
"774567","832","832","832","36751.20713766276","36751.20713766276","36751.20713766276"
"784567","833","833","833","37810.014633524224","37810.014633524224","37810.014633524224"
"794567","834","834","834","38751.592394209234","38751.592394209234","38751.592394209234"
"804567","835","835","835","39821.79582355668","39821.79582355668","39821.79582355668"
"805412","836","836","836","39252.75609072822","39252.75609072822","39252.75609072822"
"812361","837","837","837","39606.95767299856","39606.95767299856","39606.95767299856"
"822361","838","838","838","39917.09537338977","39917.09537338977","39917.09537338977"
"832361","839","839","839","40197.35595069276","40197.35595069276","40197.35595069276"
"842361","840","840","840","41029.17131532188","41029.17131532188","41029.17131532188"
"852361","841","841","841","42023.66654350912","42023.66654350912","42023.66654350912"
"860169","842","842","842","42578.805710825436","42578.805710825436","42578.805710825436"
"870169","843","843","843","43645.91341283147","43645.91341283147","43645.91341283147"
"880169","844","844","844","44767.63855197227","44767.63855197227","44767.63855197227"
"890169","845","845","845","45590.59966175247","45590.59966175247","45590.59966175247"
"900169","846","846","846","46650.13400931235","46650.13400931235","46650.13400931235"
"910169","847","847","847","47688.97099796943","47688.97099796943","47688.97099796943"
"914360","848","848","848","48091.316829762065","48091.316829762065","48091.316829762065"
"924360","849","849","849","48372.859656515706","48372.859656515706","48372.859656515706"
"934360","850","850","850","48660.201583511225","48660.201583511225","48660.201583511225"
"943720","851","851","851","49172.212087820524","49172.212087820524","49172.212087820524"
"953720","852","852","852","49896.79804222079","49896.79804222079","49896.79804222079"
"959057","853","853","853","49581.74961149167","49581.74961149167","49581.74961149167"
"969057","854","854","854","49782.68802813877","49782.68802813877","49782.68802813877"
"974411","855","855","855","49455.56764755201","49455.56764755201","49455.56764755201"
"984411","856","856","856","49833.696782696505","49833.696782696505","49833.696782696505"
"994411","857","857","857","50403.93573631193","50403.93573631193","50403.93573631193"
"1004411","858","858","858","50637.26819177179","50637.26819177179","50637.26819177179"
"1014411","859","859","859","50828.29333009989","50828.29333009989","50828.29333009989"
"1024411","860","860","860","51023.1283750962","51023.1283750962","51023.1283750962"
"1034411","861","861","861","51771.18052558136","51771.18052558136","51771.18052558136"
"1044411","862","862","862","51935.595312454185","51935.595312454185","51935.595312454185"
"1054411","863","863","863","52138.707127708054","52138.707127708054","52138.707127708054"
"1064411","864","864","864","52336.16612858805","52336.16612858805","52336.16612858805"
"1074411","865","865","865","52515.08835612904","52515.08835612904","52515.08835612904"
"1084411","866","866","866","52679.246498312306","52679.246498312306","52679.246498312306"
"1094411","867","867","867","52807.71685227895","52807.71685227895","52807.71685227895"
"1104411","868","868","868","52955.236112672705","52955.236112672705","52955.236112672705"
"1114411","869","869","869","53103.8486302484","53103.8486302484","53103.8486302484"
"1124411","870","870","870","53237.298515977105","53237.298515977105","53237.298515977105"
"1134411","871","871","871","53394.11831804241","53394.11831804241","53394.11831804241"
"1144411","872","872","872","53545.72479777034","53545.72479777034","53545.72479777034"
"1154411","873","873","873","53678.47167997998","53678.47167997998","53678.47167997998"
"1164411","874","874","874","53791.281292303094","53791.281292303094","53791.281292303094"
"1174411","875","875","875","53901.02861377027","53901.02861377027","53901.02861377027"
"1184411","876","876","876","54024.3948422647","54024.3948422647","54024.3948422647"
"1194411","877","877","877","54115.62155235633","54115.62155235633","54115.62155235633"
"1204411","878","878","878","54193.75101448329","54193.75101448329","54193.75101448329"
"1214411","879","879","879","54292.63596405727","54292.63596405727","54292.63596405727"
"1224411","880","880","880","54392.44745205725","54392.44745205725","54392.44745205725"
"1234411","881","881","881","54503.39717266223","54503.39717266223","54503.39717266223"
"1244411","882","882","882","54606.71151385603","54606.71151385603","54606.71151385603"
"1254411","883","883","883","54699.90642432949","54699.90642432949","54699.90642432949"
"1264411","884","884","884","54784.46633682889","54784.46633682889","54784.46633682889"
"1274411","885","885","885","54875.66963528267","54875.66963528267","54875.66963528267"
"1284411","886","886","886","55973.03469523894","55973.03469523894","55973.03469523894"
"1294411","887","887","887","56395.817977752806","56395.817977752806","56395.817977752806"
"1304411","888","888","888","56473.08550932369","56473.08550932369","56473.08550932369"
"1314411","889","889","889","56520.03025095361","56520.03025095361","56520.03025095361"
"1324411","890","890","890","56612.66420774012","56612.66420774012","56612.66420774012"
"1334411","891","891","891","56666.35867382385","56666.35867382385","56666.35867382385"
"1344411","892","892","892","57013.87793566932","57013.87793566932","57013.87793566932"
"1354411","893","893","893","57093.1421040826","57093.1421040826","57093.1421040826"
"1364411","894","894","894","57164.57949291485","57164.57949291485","57164.57949291485"
"1374411","895","895","895","57234.75429229497","57234.75429229497","57234.75429229497"
"1384411","896","896","896","57282.70117191853","57282.70117191853","57282.70117191853"
"1394411","897","897","897","57350.883034573526","57350.883034573526","57350.883034573526"
"1404411","898","898","898","58083.068351737435","58083.068351737435","58083.068351737435"
"1414411","899","899","899","58119.66040995115","58119.66040995115","58119.66040995115"
"1424411","900","900","900","58166.017190772145","58166.017190772145","58166.017190772145"
"1434411","901","901","901","58317.35375610286","58317.35375610286","58317.35375610286"
"1444411","902","902","902","58353.164605047314","58353.164605047314","58353.164605047314"
"1454411","903","903","903","58950.78142145609","58950.78142145609","58950.78142145609"
"1464411","904","904","904","59034.31741648457","59034.31741648457","59034.31741648457"
"1474411","905","905","905","59643.20175994164","59643.20175994164","59643.20175994164"
"1484411","906","906","906","59752.79091294928","59752.79091294928","59752.79091294928"
"1494411","907","907","907","59842.76409010714","59842.76409010714","59842.76409010714"
"1504411","908","908","908","59904.38487759719","59904.38487759719","59904.38487759719"
"1514411","909","909","909","59984.02653263427","59984.02653263427","59984.02653263427"
"1524411","910","910","910","60057.75813408327","60057.75813408327","60057.75813408327"
"1534411","911","911","911","60144.31017499254","60144.31017499254","60144.31017499254"
"1544411","912","912","912","60224.01443468286","60224.01443468286","60224.01443468286"
"1554411","913","913","913","60309.03631310375","60309.03631310375","60309.03631310375"
"1564411","914","914","914","60378.97645418656","60378.97645418656","60378.97645418656"
"1574411","915","915","915","60452.23144666931","60452.23144666931","60452.23144666931"
"1584411","916","916","916","60531.12118561321","60531.12118561321","60531.12118561321"
"1594411","917","917","917","60617.8080027264","60617.8080027264","60617.8080027264"
"1604411","918","918","918","60684.97423265378","60684.97423265378","60684.97423265378"
"1614411","919","919","919","60779.34616455813","60779.34616455813","60779.34616455813"
"1624411","920","920","920","60854.31824652668","60854.31824652668","60854.31824652668"
"1634411","921","921","921","60925.83396667725","60925.83396667725","60925.83396667725"
"1644411","922","922","922","61014.734470958465","61014.734470958465","61014.734470958465"
"1654411","923","923","923","61129.725840351486","61129.725840351486","61129.725840351486"
"1664411","924","924","924","61241.41524139313","61241.41524139313","61241.41524139313"
"1674411","925","925","925","61371.75592593902","61371.75592593902","61371.75592593902"
"1684411","926","926","926","61490.87603193384","61490.87603193384","61490.87603193384"
"1694411","927","927","927","61632.2281406431","61632.2281406431","61632.2281406431"
"1704411","928","928","928","61798.35333852962","61798.35333852962","61798.35333852962"
"1714411","929","929","929","61948.81218432458","61948.81218432458","61948.81218432458"
"1724411","930","930","930","62092.160330366336","62092.160330366336","62092.160330366336"
"1734411","931","931","931","62243.19819043471","62243.19819043471","62243.19819043471"
"1744411","932","932","932","62355.82693367265","62355.82693367265","62355.82693367265"
"1754411","933","933","933","62459.94447043933","62459.94447043933","62459.94447043933"
"1764411","934","934","934","62626.14310667194","62626.14310667194","62626.14310667194"
"1774411","935","935","935","62708.645857578675","62708.645857578675","62708.645857578675"
"1784411","936","936","936","62811.09810194781","62811.09810194781","62811.09810194781"
"1794411","937","937","937","62920.42617536706","62920.42617536706","62920.42617536706"
"1804411","938","938","938","63058.109066410216","63058.109066410216","63058.109066410216"
"1814411","939","939","939","63143.619657109266","63143.619657109266","63143.619657109266"
"1824411","940","940","940","63255.74129898183","63255.74129898183","63255.74129898183"
"1829101","941","941","941","62669.47574087841","62669.47574087841","62669.47574087841"
"1839101","942","942","942","62815.59773866417","62815.59773866417","62815.59773866417"
"1849101","943","943","943","62932.84216924294","62932.84216924294","62932.84216924294"
"1859101","944","944","944","63015.27598663899","63015.27598663899","63015.27598663899"
"1869101","945","945","945","63130.633277991066","63130.633277991066","63130.633277991066"
"1879101","946","946","946","63200.394745953556","63200.394745953556","63200.394745953556"
"1889101","947","947","947","63316.19722861695","63316.19722861695","63316.19722861695"
"1899101","948","948","948","63420.496137724935","63420.496137724935","63420.496137724935"
"1909101","949","949","949","63531.78828447817","63531.78828447817","63531.78828447817"
"1919101","950","950","950","63606.687378737355","63606.687378737355","63606.687378737355"
"1929101","951","951","951","63699.738977376604","63699.738977376604","63699.738977376604"
"1936513","952","952","952","63507.21156631662","63507.21156631662","63507.21156631662"
"1946513","953","953","953","63615.019966824184","63615.019966824184","63615.019966824184"
"1954226","954","954","954","63468.66328161921","63468.66328161921","63468.66328161921"
"1964226","955","955","955","63561.6745856092","63561.6745856092","63561.6745856092"
"1974226","956","956","956","63636.958624499384","63636.958624499384","63636.958624499384"
"1984226","957","957","957","63720.26944672657","63720.26944672657","63720.26944672657"
"1994226","958","958","958","63764.74794060524","63764.74794060524","63764.74794060524"
"2004226","959","959","959","63821.60860107341","63821.60860107341","63821.60860107341"
"2014226","960","960","960","63857.44952638883","63857.44952638883","63857.44952638883"
"2024226","961","961","961","63898.12957683043","63898.12957683043","63898.12957683043"
"2034226","962","962","962","63982.54948816006","63982.54948816006","63982.54948816006"
"2044226","963","963","963","64103.481157459246","64103.481157459246","64103.481157459246"
"2054226","964","964","964","64085.766246410516","64085.766246410516","64085.766246410516"
"2064226","965","965","965","64056.71174967851","64056.71174967851","64056.71174967851"
"2074226","966","966","966","64082.9318641532","64082.9318641532","64082.9318641532"
"2084226","967","967","967","64034.16586734319","64034.16586734319","64034.16586734319"
"2094226","968","968","968","63922.1480361182","63922.1480361182","63922.1480361182"
"2104226","969","969","969","63908.79345670711","63908.79345670711","63908.79345670711"
"2114226","970","970","970","63942.26845069056","63942.26845069056","63942.26845069056"
"2124226","971","971","971","64242.171766338106","64242.171766338106","64242.171766338106"
"2134226","972","972","972","64675.72383429363","64675.72383429363","64675.72383429363"
"2144226","973","973","973","65121.164605273676","65121.164605273676","65121.164605273676"
"2154226","974","974","974","65497.52898258106","65497.52898258106","65497.52898258106"
"2164229","975","975","975","65384.800454779855","65384.800454779855","65384.800454779855"
"2174229","976","976","976","65565.81411747249","65565.81411747249","65565.81411747249"
"2184229","977","977","977","65843.21848315332","65843.21848315332","65843.21848315332"
"2194229","978","978","978","65945.16154708834","65945.16154708834","65945.16154708834"
"2204229","979","979","979","66197.58980291245","66197.58980291245","66197.58980291245"
"2214229","980","980","980","66559.50947869188","66559.50947869188","66559.50947869188"
"2224229","981","981","981","66679.7468647968","66679.7468647968","66679.7468647968"
"2234229","982","982","982","67155.50198807153","67155.50198807153","67155.50198807153"
"2244229","983","983","983","67436.22365284422","67436.22365284422","67436.22365284422"
"2254229","984","984","984","67793.55170974054","67793.55170974054","67793.55170974054"
"2264229","985","985","985","68237.53697824966","68237.53697824966","68237.53697824966"
"2274229","986","986","986","68649.02926512477","68649.02926512477","68649.02926512477"
"2284229","987","987","987","69019.41975970467","69019.41975970467","69019.41975970467"
"2294229","988","988","988","69432.15081726317","69432.15081726317","69432.15081726317"
"2304229","989","989","989","69904.495111036","69904.495111036","69904.495111036"
"2314229","990","990","990","70256.7202954806","70256.7202954806","70256.7202954806"
"2324229","991","991","991","71271.73498402949","71271.73498402949","71271.73498402949"
"2334229","992","992","992","71669.67857350704","71669.67857350704","71669.67857350704"
"2344229","993","993","993","72026.25328751603","72026.25328751603","72026.25328751603"
"2354229","994","994","994","72327.36665614949","72327.36665614949","72327.36665614949"
"2364229","995","995","995","72579.10611341018","72579.10611341018","72579.10611341018"
"2374229","996","996","996","72961.60522179418","72961.60522179418","72961.60522179418"
"2384229","997","997","997","73380.89902728953","73380.89902728953","73380.89902728953"
"2394229","998","998","998","73802.80956339333","73802.80956339333","73802.80956339333"
"2404229","999","999","999","74267.24595352693","74267.24595352693","74267.24595352693"
"2414232","1000","1000","1000","74714.42575002427","74714.42575002427","74714.42575002427"
"2424232","1001","1001","1001","75082.43204339388","75082.43204339388","75082.43204339388"
"2434232","1002","1002","1002","75724.90662504191","75724.90662504191","75724.90662504191"
"2444232","1003","1003","1003","75964.285498866","75964.285498866","75964.285498866"
"2454232","1004","1004","1004","76484.65476763678","76484.65476763678","76484.65476763678"
"2464232","1005","1005","1005","76846.52407277946","76846.52407277946","76846.52407277946"
"2474232","1006","1006","1006","77204.83092680464","77204.83092680464","77204.83092680464"
"2484232","1007","1007","1007","77569.49256073091","77569.49256073091","77569.49256073091"
"2494232","1008","1008","1008","78003.09483552189","78003.09483552189","78003.09483552189"
"2504232","1009","1009","1009","78435.93834644096","78435.93834644096","78435.93834644096"
"2514232","1010","1010","1010","78851.33787641204","78851.33787641204","78851.33787641204"
"2523162","1011","1011","1011","79027.74282032285","79027.74282032285","79027.74282032285"
"2533162","1012","1012","1012","79393.45534896204","79393.45534896204","79393.45534896204"
"2543162","1013","1013","1013","79750.49465550447","79750.49465550447","79750.49465550447"
"2547346","1014","1014","1014","79196.50370935528","79196.50370935528","79196.50370935528"
"2557346","1015","1015","1015","79693.29011233665","79693.29011233665","79693.29011233665"
"2566442","1016","1016","1016","79943.80595104794","79943.80595104794","79943.80595104794"
"2576442","1017","1017","1017","80449.19253621539","80449.19253621539","80449.19253621539"
"2586442","1018","1018","1018","81056.88764542148","81056.88764542148","81056.88764542148"
"2596442","1019","1019","1019","81180.80428126652","81180.80428126652","81180.80428126652"
"2606442","1020","1020","1020","81678.67136668287","81678.67136668287","81678.67136668287"
"2616442","1021","1021","1021","81858.22173040861","81858.22173040861","81858.22173040861"
"2626442","1022","1022","1022","81845.10923665001","81845.10923665001","81845.10923665001"
"2636442","1023","1023","1023","81794.5090123692","81794.5090123692","81794.5090123692"
"2646442","1024","1024","1024","81914.62494683528","81914.62494683528","81914.62494683528"
"2656445","1025","1025","1025","82502.0960528532","82502.0960528532","82502.0960528532"
"2666445","1026","1026","1026","82705.77841501159","82705.77841501159","82705.77841501159"
"2676445","1027","1027","1027","82905.77057487682","82905.77057487682","82905.77057487682"
"2686445","1028","1028","1028","83271.39061904667","83271.39061904667","83271.39061904667"
"2696445","1029","1029","1029","83470.71552429465","83470.71552429465","83470.71552429465"
"2706445","1030","1030","1030","83513.46410467272","83513.46410467272","83513.46410467272"
"2716445","1031","1031","1031","83825.5682268858","83825.5682268858","83825.5682268858"
"2726445","1032","1032","1032","83814.06527518894","83814.06527518894","83814.06527518894"
"2736445","1033","1033","1033","83756.59663018909","83756.59663018909","83756.59663018909"
"2746445","1034","1034","1034","83385.49821909594","83385.49821909594","83385.49821909594"
"2756445","1035","1035","1035","83232.85371017393","83232.85371017393","83232.85371017393"
"2766445","1036","1036","1036","83276.93670014372","83276.93670014372","83276.93670014372"
"2776445","1037","1037","1037","83272.35694397184","83272.35694397184","83272.35694397184"
"2786445","1038","1038","1038","83081.01656063143","83081.01656063143","83081.01656063143"
"2796445","1039","1039","1039","82965.65511551098","82965.65511551098","82965.65511551098"
"2806445","1040","1040","1040","82926.49795103628","82926.49795103628","82926.49795103628"
"2816445","1041","1041","1041","82882.30039993447","82882.30039993447","82882.30039993447"
"2826445","1042","1042","1042","82784.85160257043","82784.85160257043","82784.85160257043"
"2836445","1043","1043","1043","82878.02140626042","82878.02140626042","82878.02140626042"
"2846445","1044","1044","1044","82992.03701501309","82992.03701501309","82992.03701501309"
"2856445","1045","1045","1045","83163.6885829746","83163.6885829746","83163.6885829746"
"2866445","1046","1046","1046","83210.7551480148","83210.7551480148","83210.7551480148"
"2876445","1047","1047","1047","83234.84146664366","83234.84146664366","83234.84146664366"
"2886445","1048","1048","1048","83253.47636295865","83253.47636295865","83253.47636295865"
"2896445","1049","1049","1049","83195.96670476854","83195.96670476854","83195.96670476854"
"2906448","1050","1050","1050","83124.34819732762","83124.34819732762","83124.34819732762"
"2916448","1051","1051","1051","83183.94335177074","83183.94335177074","83183.94335177074"
"2926448","1052","1052","1052","83261.6402760639","83261.6402760639","83261.6402760639"
"2936448","1053","1053","1053","83480.00145324298","83480.00145324298","83480.00145324298"
"2946448","1054","1054","1054","83674.4383414126","83674.4383414126","83674.4383414126"
"2956448","1055","1055","1055","83699.80054321818","83699.80054321818","83699.80054321818"
"2966448","1056","1056","1056","83806.23926217247","83806.23926217247","83806.23926217247"
"2976448","1057","1057","1057","83886.3474754668","83886.3474754668","83886.3474754668"
"2986448","1058","1058","1058","83880.40514434857","83880.40514434857","83880.40514434857"
"2996448","1059","1059","1059","83941.92061351737","83941.92061351737","83941.92061351737"
"3006448","1060","1060","1060","84003.4740677991","84003.4740677991","84003.4740677991"
"3016448","1061","1061","1061","84296.58797998494","84296.58797998494","84296.58797998494"
"3026448","1062","1062","1062","84369.9927776209","84369.9927776209","84369.9927776209"
"3036448","1063","1063","1063","84359.46952643064","84359.46952643064","84359.46952643064"
"3046448","1064","1064","1064","85447.31359484457","85447.31359484457","85447.31359484457"
"3056448","1065","1065","1065","85451.68541208102","85451.68541208102","85451.68541208102"
"3066448","1066","1066","1066","85680.32018210326","85680.32018210326","85680.32018210326"
"3076448","1067","1067","1067","85745.14254560435","85745.14254560435","85745.14254560435"
"3086448","1068","1068","1068","85740.85402110225","85740.85402110225","85740.85402110225"
"3096448","1069","1069","1069","86088.93778463775","86088.93778463775","86088.93778463775"
"3106448","1070","1070","1070","86088.2495361212","86088.2495361212","86088.2495361212"
"3116448","1071","1071","1071","86108.28480856316","86108.28480856316","86108.28480856316"
"3126448","1072","1072","1072","86158.38959769384","86158.38959769384","86158.38959769384"
"3136448","1073","1073","1073","86166.2561480689","86166.2561480689","86166.2561480689"
"3146448","1074","1074","1074","86116.08161327624","86116.08161327624","86116.08161327624"
"3156451","1075","1075","1075","86124.33727672177","86124.33727672177","86124.33727672177"
"3166451","1076","1076","1076","86228.02882172607","86228.02882172607","86228.02882172607"
"3176072","1077","1077","1077","86130.41567159715","86130.41567159715","86130.41567159715"
"3176249","1078","1078","1078","84343.93941161736","84343.93941161736","84343.93941161736"
"3186249","1079","1079","1079","84272.68066999697","84272.68066999697","84272.68066999697"
"3196249","1080","1080","1080","84286.26405552817","84286.26405552817","84286.26405552817"
"3206249","1081","1081","1081","84311.38471147133","84311.38471147133","84311.38471147133"
"3216249","1082","1082","1082","84334.49057090322","84334.49057090322","84334.49057090322"
"3226249","1083","1083","1083","84615.65790451229","84615.65790451229","84615.65790451229"
"3236249","1084","1084","1084","85068.27074052235","85068.27074052235","85068.27074052235"
"3246249","1085","1085","1085","85262.51298205832","85262.51298205832","85262.51298205832"